sales_raw_id,customer_id,prod_code,sales_date,transaction_number,transaction_line_number,unit_price,discount_pct,sales_qty,extended_sales_total
 10000,C4273,1019,2000-01-13, 5001203, 1, 79.7, 10, 4,286.92
 10001,C20063,1048,2000-01-14, 5000365, 1, 104.49, 5, 1,99.27
 10002,C20063,1005,2000-01-14, 5000365, 2, 26.99, 15, 4,91.77
 10003,C20063,1016,2000-01-14, 5000365, 3, 5.99, 10, 2,10.78
 10004,C3394,1016,2000-01-19, 5001126, 1, 5.99, 10, 3,16.17
 10005,C73981,1018,2000-02-01, 5000711, 1, 44.99, 20, 3,107.98
 10006,C73981,1003,2000-02-01, 5000711, 2, 12.99, 10, 3,35.07
 10007,C73981,1006,2000-02-01, 5000711, 3, 41.99, 15, 3,107.07
 10008,C20282,1015,2000-02-03, 5000391, 1, 8.0, 15, 4,27.2
 10009,C20282,1029,2000-02-03, 5000391, 2, 21.48, 5, 4,81.62
 10010,C16327,1041,2000-02-06, 5000066, 1, 28.94, 5, 5,137.47
 10011,C16327,1021,2000-02-06, 5000066, 2, 24.99, 5, 3,71.22
 10012,C1710,1039,2000-02-06, 5000966, 1, 34.0, 0, 5,170
 10013,C67170,1036,2000-02-07, 5000137, 1, 28.24, 10, 1,25.42
 10014,C69806,1027,2000-02-08, 5000347, 1, 4.5, 15, 5,19.12
 10015,C69806,1030,2000-02-08, 5000347, 2, 22.75, 5, 5,108.06
 10016,C78449,1023,2000-02-08, 5001132, 1, 29.99, 15, 4,101.97
 10017,C78449,1032,2000-02-08, 5001132, 2, 4.5, 10, 4,16.2
 10018,C2515,1021,2000-02-10, 5001050, 1, 24.99, 0, 4,99.96
 10019,C51526,1034,2000-02-10, 5000942, 1, 8.49, 5, 5,40.33
 10020,C51526,1050,2000-02-10, 5000942, 2, 98.96, 15, 4,336.46
 10021,C98414,1020,2000-02-10, 5000658, 1, 26.99, 15, 5,114.71
 10022,C98414,1044,2000-02-10, 5000658, 2, 22.99, 15, 5,97.71
 10023,C98194,1042,2000-02-12, 5000636, 1, 89.99, 10, 2,161.98
 10024,C73761,1054,2000-02-13, 5000690, 1, 200.0, 10, 1,180
 10025,C73761,1015,2000-02-13, 5000690, 2, 8.0, 15, 4,27.2
 10026,C91089,1019,2000-02-14, 5000044, 1, 79.7, 10, 4,286.92
 10027,C91089,1045,2000-02-14, 5000044, 2, 99.99, 5, 4,379.96
 10028,C2076,1051,2000-02-20, 5001009, 1, 122.37, 15, 5,520.07
 10029,C71930,1028,2000-02-21, 5000533, 1, 4.5, 0, 4,18
 10030,C42810,1053,2000-02-28, 5000186, 1, 93.0, 5, 4,353.4
 10031,C42810,1006,2000-02-28, 5000186, 2, 41.99, 0, 3,125.97
 10032,C42810,1052,2000-02-28, 5000186, 3, 107.96, 5, 4,410.25
 10033,C29145,1051,2000-03-02, 5001193, 1, 122.37, 5, 5,581.26
 10034,C54383,1001,2000-03-05, 5001217, 1, 53.5, 20, 2,85.6
 10035,C54383,1056,2000-03-05, 5001217, 2, 2123.0, 5, 3,6050.55
 10036,C71857,1003,2000-03-05, 5000526, 1, 12.99, 10, 4,46.76
 10037,C77790,1017,2000-03-06, 5001070, 1, 19.95, 10, 4,71.82
 10038,C69440,1032,2000-03-09, 5000311, 1, 4.5, 0, 4,18
 10039,C51819,1043,2000-03-10, 5000976, 1, 24.99, 15, 2,42.48
 10040,C53065,1026,2000-03-11, 5001093, 1, 18.15, 15, 4,61.71
 10041,C1783,1018,2000-03-12, 5000972, 1, 44.99, 5, 3,128.22
 10042,C1783,1014,2000-03-12, 5000972, 2, 17.49, 10, 4,62.96
 10043,C99073,1015,2000-03-15, 5000716, 1, 8.0, 5, 3,22.8
 10044,C99073,1034,2000-03-15, 5000716, 2, 8.49, 15, 3,21.65
 10045,C99952,1045,2000-03-24, 5000797, 1, 99.99, 5, 4,379.96
 10046,C42810,1005,2000-03-28, 5000184, 1, 26.99, 0, 2,53.98
 10047,C42957,1039,2000-03-30, 5000200, 1, 34.0, 15, 3,86.7
 10048,C77424,1042,2000-04-01, 5001040, 1, 89.99, 10, 3,242.97
 10049,C77424,1051,2000-04-01, 5001040, 2, 122.37, 5, 3,348.75
 10050,C77497,1044,2000-04-01, 5001048, 1, 22.99, 10, 5,103.45
 10051,C66291,1024,2000-04-04, 5000061, 1, 25.0, 20, 5,100
 10052,C48816,1027,2000-04-08, 5000692, 1, 4.5, 5, 3,12.82
 10053,C72956,1028,2000-04-16, 5000615, 1, 4.5, 5, 3,12.82
 10054,C43030,1035,2000-04-30, 5000204, 1, 43.95, 20, 3,105.48
 10055,C51893,1002,2000-05-03, 5000985, 1, 14.97, 10, 2,26.95
 10056,C67682,1030,2000-05-04, 5000175, 1, 22.75, 0, 1,22.75
 10057,C67682,1007,2000-05-04, 5000175, 2, 7.96, 15, 4,27.06
 10058,C68488,1051,2000-05-06, 5000232, 1, 122.37, 0, 1,122.37
 10059,C68488,1035,2000-05-06, 5000232, 2, 43.95, 20, 2,70.32
 10060,C73029,1019,2000-05-10, 5000624, 1, 79.7, 5, 4,302.86
 10061,C20282,1004,2000-05-12, 5000392, 1, 59.99, 20, 2,95.98
 10062,C21235,1027,2000-05-12, 5000474, 1, 4.5, 10, 5,20.25
 10063,C97315,1010,2000-05-16, 5000562, 1, 69.99, 15, 2,118.98
 10064,C97315,1003,2000-05-16, 5000562, 2, 12.99, 5, 4,49.36
 10065,C22626,1000,2000-05-24, 5000587, 1, 1000.0, 0, 3,3000
 10066,C22626,1030,2000-05-24, 5000587, 2, 22.75, 0, 2,45.5
 10067,C1563,1039,2000-05-27, 5000946, 1, 34.0, 15, 1,28.9
 10068,C95923,1036,2000-05-29, 5000444, 1, 28.24, 20, 5,112.96
 10069,C95923,1010,2000-05-29, 5000444, 2, 69.99, 5, 5,332.45
 10070,C95923,1016,2000-05-29, 5000444, 3, 5.99, 5, 4,22.76
 10071,C40906,1011,2000-05-30, 5000029, 1, 24.99, 5, 5,118.7
 10072,C40906,1007,2000-05-30, 5000029, 2, 7.96, 0, 3,23.88
 10073,C4420,1051,2000-05-30, 5001221, 1, 122.37, 5, 2,232.5
 10074,C44788,1045,2000-05-31, 5000346, 1, 99.99, 20, 2,159.98
 10075,C45667,1042,2000-06-07, 5000426, 1, 89.99, 5, 3,256.47
 10076,C76545,1046,2000-06-08, 5000944, 1, 183.17, 15, 5,778.47
 10077,C18598,1022,2000-06-10, 5000240, 1, 13.99, 5, 3,39.87
 10078,C76398,1050,2000-06-11, 5000927, 1, 98.96, 5, 1,94.01
 10079,C16400,1023,2000-06-12, 5000071, 1, 29.99, 10, 2,53.98
 10080,C51453,1010,2000-06-23, 5000931, 1, 69.99, 10, 5,314.95
 10081,C831,1002,2000-06-26, 5000887, 1, 14.97, 20, 2,23.95
 10082,C26581,1013,2000-06-29, 5000947, 1, 10.74, 5, 5,51.02
 10083,C22919,1036,2000-06-30, 5000612, 1, 28.24, 0, 4,112.96
 10084,C22919,1021,2000-06-30, 5000612, 2, 24.99, 15, 4,84.97
 10085,C22919,1053,2000-06-30, 5000612, 3, 93.0, 15, 2,158.1
 10086,C19623,1004,2000-07-01, 5000330, 1, 59.99, 0, 3,179.97
 10087,C19623,1031,2000-07-01, 5000330, 2, 17.99, 20, 2,28.78
 10088,C94678,1035,2000-07-01, 5000333, 1, 43.95, 15, 4,149.43
 10089,C94165,1024,2000-07-08, 5000289, 1, 25.0, 15, 4,85
 10090,C94165,1031,2000-07-08, 5000289, 2, 17.99, 10, 4,64.76
 10091,C94165,1030,2000-07-08, 5000289, 3, 22.75, 15, 3,58.01
 10092,C49695,1020,2000-07-09, 5000770, 1, 26.99, 0, 1,26.99
 10093,C15888,1027,2000-07-11, 5000027, 1, 4.5, 10, 2,8.1
 10094,C25556,1024,2000-07-28, 5000855, 1, 25.0, 0, 3,75
 10095,C25556,1035,2000-07-28, 5000855, 2, 43.95, 20, 2,70.32
 10096,C99659,1048,2000-07-29, 5000769, 1, 104.49, 15, 2,177.63
 10097,C73249,1052,2000-07-30, 5000641, 1, 107.96, 5, 3,307.69
 10098,C73249,1037,2000-07-30, 5000641, 2, 54.94, 15, 3,140.1
 10099,C50281,1013,2000-08-01, 5000829, 1, 10.74, 5, 2,20.41
 10100,C50281,1023,2000-08-01, 5000829, 2, 29.99, 15, 3,76.47
 10101,C17719,1032,2000-08-04, 5000176, 1, 4.5, 5, 2,8.55
 10102,C4346,1024,2000-08-08, 5001210, 1, 25.0, 5, 2,47.5
 10103,C49842,1052,2000-08-14, 5000785, 1, 107.96, 10, 4,388.66
 10104,C42517,1034,2000-08-15, 5000162, 1, 8.49, 5, 2,16.13
 10105,C75812,1021,2000-08-22, 5000882, 1, 24.99, 15, 2,42.48
 10106,C75959,1019,2000-08-22, 5000894, 1, 79.7, 5, 1,75.72
 10107,C75959,1030,2000-08-22, 5000894, 2, 22.75, 5, 2,43.23
 10108,C19403,1041,2000-08-23, 5000306, 1, 28.94, 10, 3,78.14
 10109,C52479,1008,2000-08-27, 5001045, 1, 62.88, 5, 3,179.21
 10110,C21015,1035,2000-08-28, 5000453, 1, 43.95, 15, 3,112.07
 10111,C25702,1021,2000-08-28, 5000871, 1, 24.99, 0, 1,24.99
 10112,C25702,1036,2000-08-28, 5000871, 2, 28.24, 15, 5,120.02
 10113,C71125,1008,2000-09-01, 5000460, 1, 62.88, 5, 4,238.94
 10114,C71125,1044,2000-09-01, 5000460, 2, 22.99, 10, 4,82.76
 10115,C71125,1027,2000-09-01, 5000460, 3, 4.5, 5, 2,8.55
 10116,C41712,1042,2000-09-02, 5000095, 1, 89.99, 10, 2,161.98
 10117,C71711,1030,2000-09-11, 5000515, 1, 22.75, 10, 5,102.38
 10118,C28779,1022,2000-09-14, 5001161, 1, 13.99, 15, 1,11.89
 10119,C75153,1003,2000-09-14, 5000817, 1, 12.99, 5, 3,37.02
 10120,C75007,1028,2000-09-19, 5000806, 1, 4.5, 10, 2,8.1
 10121,C43909,1033,2000-09-20, 5000263, 1, 19.95, 20, 1,15.96
 10122,C70539,1049,2000-09-23, 5000414, 1, 206.99, 5, 2,393.28
 10123,C20502,1001,2000-10-03, 5000409, 1, 53.5, 5, 1,50.82
 10124,C50574,1015,2000-10-03, 5000858, 1, 8.0, 20, 2,12.8
 10125,C26655,1028,2000-10-06, 5000957, 1, 4.5, 10, 1,4.05
 10126,C96289,1022,2000-10-12, 5000478, 1, 13.99, 5, 2,26.58
 10127,C54383,1034,2000-10-14, 5001215, 1, 8.49, 10, 5,38.2
 10128,C94385,1025,2000-10-17, 5000305, 1, 39.94, 0, 3,119.82
 10129,C76471,1046,2000-10-19, 5000933, 1, 183.17, 10, 4,659.41
 10130,C97681,1043,2000-10-28, 5000590, 1, 24.99, 10, 3,67.47
 10131,C46619,1000,2000-10-31, 5000506, 1, 1000.0, 10, 2,1800
 10132,C41419,1044,2000-11-04, 5000073, 1, 22.99, 10, 1,20.69
 10133,C51453,1034,2000-11-05, 5000930, 1, 8.49, 5, 3,24.2
 10134,C72443,1046,2000-11-06, 5000571, 1, 183.17, 5, 2,348.02
 10135,C48670,1044,2000-11-08, 5000680, 1, 22.99, 20, 1,18.39
 10136,C52332,1027,2000-11-18, 5001033, 1, 4.5, 10, 4,16.2
 10137,C23359,1053,2000-11-20, 5000652, 1, 93.0, 20, 3,223.2
 10138,C3321,1053,2000-11-22, 5001119, 1, 93.0, 0, 4,372
 10139,C3321,1044,2000-11-22, 5001119, 2, 22.99, 10, 4,82.76
 10140,C3174,1022,2000-11-23, 5001109, 1, 13.99, 5, 1,13.29
 10141,C97022,1052,2000-11-23, 5000538, 1, 107.96, 15, 1,91.77
 10142,C97095,1023,2000-11-23, 5000543, 1, 29.99, 10, 5,134.95
 10143,C48084,1049,2000-11-27, 5000627, 1, 206.99, 5, 4,786.56
 10144,C2881,1013,2000-11-28, 5001079, 1, 10.74, 20, 1,8.59
 10145,C2881,1008,2000-11-28, 5001079, 2, 62.88, 5, 4,238.94
 10146,C70246,1002,2000-11-29, 5000387, 1, 14.97, 15, 2,25.45
 10147,C26508,1008,2000-11-30, 5000939, 1, 62.88, 5, 2,119.47
 10148,C74494,1054,2000-12-09, 5000753, 1, 200.0, 5, 3,570
 10149,C71491,1047,2000-12-10, 5000493, 1, 56.95, 10, 1,51.26
 10150,C71491,1007,2000-12-10, 5000493, 2, 7.96, 5, 2,15.12
 10151,C3541,1043,2000-12-17, 5001140, 1, 24.99, 5, 4,94.96
 10152,C3541,1054,2000-12-17, 5001140, 2, 200.0, 20, 3,480
 10153,C3541,1012,2000-12-17, 5001140, 3, 38.54, 5, 4,146.45
 10154,C66877,1033,2000-12-18, 5000115, 1, 19.95, 20, 4,63.84
 10155,C49402,1022,2000-12-19, 5000745, 1, 13.99, 5, 2,26.58
 10156,C684,1036,2000-12-19, 5000870, 1, 28.24, 10, 3,76.25
 10157,C684,1012,2000-12-19, 5000870, 2, 38.54, 5, 3,109.84
 10158,C684,1045,2000-12-19, 5000870, 3, 99.99, 10, 1,89.99
 10159,C684,1041,2000-12-19, 5000870, 4, 28.94, 5, 4,109.97
 10160,C684,1010,2000-12-19, 5000870, 5, 69.99, 15, 2,118.98
 10161,C98487,1003,2000-12-19, 5000667, 1, 12.99, 15, 2,22.08
 10162,C98487,1023,2000-12-19, 5000667, 2, 29.99, 20, 3,71.98
 10163,C41639,1023,2000-12-25, 5000086, 1, 29.99, 15, 4,101.97
 10164,C23432,1021,2000-12-27, 5000662, 1, 24.99, 5, 5,118.7
 10165,C53284,1031,2000-12-30, 5001116, 1, 17.99, 5, 2,34.18
 10166,C98267,1049,2000-12-31, 5000642, 1, 206.99, 15, 3,527.82
 10167,C29731,1021,2001-01-01, 5001252, 1, 24.99, 5, 4,94.96
 10168,C29731,1011,2001-01-01, 5001252, 2, 24.99, 5, 3,71.22
 10169,C54383,1031,2001-01-02, 5001216, 1, 17.99, 0, 4,71.96
 10170,C54383,1012,2001-01-02, 5001216, 2, 38.54, 15, 4,131.04
 10171,C54383,1005,2001-01-02, 5001216, 3, 26.99, 10, 1,24.29
 10172,C51307,1002,2001-01-04, 5000920, 1, 14.97, 15, 2,25.45
 10173,C50062,1039,2001-01-05, 5000811, 1, 34.0, 15, 2,57.8
 10174,C67023,1046,2001-01-05, 5000126, 1, 183.17, 20, 4,586.14
 10175,C27241,1018,2001-01-06, 5001023, 1, 44.99, 5, 3,128.22
 10176,C17353,1044,2001-01-09, 5000151, 1, 22.99, 5, 1,21.84
 10177,C17353,1030,2001-01-09, 5000151, 2, 22.75, 10, 2,40.95
 10178,C46985,1005,2001-01-10, 5000536, 1, 26.99, 20, 3,64.78
 10179,C97461,1050,2001-01-11, 5000573, 1, 98.96, 20, 5,395.84
 10180,C76911,1049,2001-01-12, 5000989, 1, 206.99, 10, 3,558.87
 10181,C48890,1033,2001-01-18, 5000698, 1, 19.95, 5, 3,56.86
 10182,C73908,1054,2001-01-19, 5000703, 1, 200.0, 15, 1,170
 10183,C73908,1043,2001-01-19, 5000703, 2, 24.99, 20, 1,19.99
 10184,C2588,1049,2001-01-20, 5001057, 1, 206.99, 10, 3,558.87
 10185,C95411,1025,2001-01-21, 5000401, 1, 39.94, 15, 3,101.85
 10186,C24604,1030,2001-01-25, 5000763, 1, 22.75, 0, 2,45.5
 10187,C65924,1036,2001-01-26, 5000031, 1, 28.24, 10, 4,101.66
 10188,C91309,1039,2001-01-26, 5000062, 1, 34.0, 20, 4,108.8
 10189,C2149,1005,2001-01-27, 5001012, 1, 26.99, 10, 2,48.58
 10190,C2149,1038,2001-01-27, 5001012, 2, 16.99, 10, 2,30.58
 10191,C757,1040,2001-01-30, 5000877, 1, 32.12, 15, 5,136.51
 10192,C74714,1044,2001-01-31, 5000772, 1, 22.99, 0, 2,45.98
 10193,C99439,1003,2001-01-31, 5000750, 1, 12.99, 0, 3,38.97
 10194,C76545,1050,2001-02-01, 5000943, 1, 98.96, 5, 4,376.05
 10195,C91016,1018,2001-02-01, 5000042, 1, 44.99, 5, 3,128.22
 10196,C92920,1001,2001-02-01, 5000195, 1, 53.5, 0, 3,160.5
 10197,C99952,1021,2001-02-01, 5000800, 1, 24.99, 15, 5,106.21
 10198,C99952,1027,2001-02-01, 5000800, 2, 4.5, 15, 4,15.3
 10199,C19916,1044,2001-02-05, 5000357, 1, 22.99, 5, 3,65.52
 10200,C3907,1029,2001-02-05, 5001172, 1, 21.48, 10, 5,96.66
 10201,C94019,1042,2001-02-05, 5000277, 1, 89.99, 15, 5,382.46
 10202,C23139,1037,2001-02-07, 5000631, 1, 54.94, 20, 4,175.81
 10203,C72590,1036,2001-02-08, 5000585, 1, 28.24, 15, 2,48.01
 10204,C24750,1013,2001-02-09, 5000776, 1, 10.74, 10, 4,38.66
 10205,C53357,1041,2001-02-11, 5001124, 1, 28.94, 10, 4,104.18
 10206,C53357,1021,2001-02-11, 5001124, 2, 24.99, 10, 1,22.49
 10207,C53357,1013,2001-02-11, 5001124, 3, 10.74, 20, 3,25.78
 10208,C4493,1020,2001-02-12, 5001229, 1, 26.99, 10, 3,72.87
 10209,C26874,1046,2001-02-13, 5000982, 1, 183.17, 5, 2,348.02
 10210,C26069,1007,2001-02-16, 5000903, 1, 7.96, 15, 3,20.3
 10211,C26069,1036,2001-02-16, 5000903, 2, 28.24, 5, 3,80.48
 10212,C26069,1005,2001-02-16, 5000903, 3, 26.99, 5, 3,76.92
 10213,C53870,1029,2001-02-17, 5001168, 1, 21.48, 15, 5,91.29
 10214,C53870,1004,2001-02-17, 5001168, 2, 59.99, 15, 3,152.97
 10215,C69001,1026,2001-02-20, 5000273, 1, 18.15, 15, 2,30.85
 10216,C69001,1042,2001-02-20, 5000273, 2, 89.99, 20, 2,143.98
 10217,C96216,1000,2001-02-20, 5000472, 1, 1000.0, 15, 2,1700
 10218,C27460,1040,2001-02-21, 5001044, 1, 32.12, 5, 5,152.57
 10219,C27460,1019,2001-02-21, 5001044, 2, 79.7, 15, 4,270.98
 10220,C27460,1005,2001-02-21, 5001044, 3, 26.99, 5, 4,102.56
 10221,C28925,1027,2001-02-21, 5001173, 1, 4.5, 10, 3,12.15
 10222,C28925,1046,2001-02-21, 5001173, 2, 183.17, 10, 1,164.85
 10223,C28925,1007,2001-02-21, 5001173, 3, 7.96, 5, 4,30.25
 10224,C53138,1005,2001-02-21, 5001102, 1, 26.99, 10, 3,72.87
 10225,C54529,1025,2001-02-22, 5001233, 1, 39.94, 10, 4,143.78
 10226,C54529,1024,2001-02-22, 5001233, 2, 25.0, 15, 4,85
 10227,C77350,1034,2001-02-22, 5001035, 1, 8.49, 5, 4,32.26
 10228,C16620,1004,2001-02-23, 5000085, 1, 59.99, 10, 2,107.98
 10229,C75666,1017,2001-02-24, 5000864, 1, 19.95, 5, 5,94.76
 10230,C45154,1051,2001-02-27, 5000375, 1, 122.37, 5, 1,116.25
 10231,C47718,1022,2001-02-27, 5000595, 1, 13.99, 5, 3,39.87
 10232,C47718,1036,2001-02-27, 5000595, 2, 28.24, 15, 1,24
 10233,C21601,1017,2001-02-28, 5000503, 1, 19.95, 15, 4,67.83
 10234,C51673,1026,2001-02-28, 5000961, 1, 18.15, 20, 3,43.56
 10235,C94458,1010,2001-02-28, 5000313, 1, 69.99, 15, 5,297.46
 10236,C93653,1012,2001-03-02, 5000244, 1, 38.54, 0, 1,38.54
 10237,C15961,1010,2001-03-04, 5000035, 1, 69.99, 10, 2,125.98
 10238,C41272,1010,2001-03-04, 5000060, 1, 69.99, 0, 2,139.98
 10239,C69001,1022,2001-03-06, 5000275, 1, 13.99, 15, 2,23.78
 10240,C40833,1018,2001-03-07, 5000021, 1, 44.99, 15, 3,114.72
 10241,C67170,1010,2001-03-07, 5000138, 1, 69.99, 10, 2,125.98
 10242,C16327,1036,2001-03-08, 5000065, 1, 28.24, 5, 3,80.48
 10243,C42957,1043,2001-03-09, 5000199, 1, 24.99, 15, 2,42.48
 10244,C25776,1048,2001-03-14, 5000879, 1, 104.49, 5, 5,496.33
 10245,C19184,1003,2001-03-15, 5000290, 1, 12.99, 0, 3,38.97
 10246,C19184,1054,2001-03-15, 5000290, 2, 200.0, 5, 4,760
 10247,C44788,1049,2001-03-16, 5000344, 1, 206.99, 15, 3,527.82
 10248,C48230,1013,2001-03-20, 5000639, 1, 10.74, 10, 3,29
 10249,C49915,1040,2001-03-22, 5000792, 1, 32.12, 15, 4,109.21
 10250,C50355,1016,2001-03-22, 5000836, 1, 5.99, 15, 2,10.18
 10251,C71418,1007,2001-03-23, 5000488, 1, 7.96, 10, 3,21.49
 10252,C16181,1036,2001-03-28, 5000049, 1, 28.24, 0, 2,56.48
 10253,C16181,1040,2001-03-28, 5000049, 2, 32.12, 15, 1,27.3
 10254,C46839,1013,2001-03-28, 5000524, 1, 10.74, 15, 2,18.26
 10255,C72077,1027,2001-03-28, 5000542, 1, 4.5, 10, 5,20.25
 10256,C72077,1007,2001-03-28, 5000542, 2, 7.96, 15, 4,27.06
 10257,C51600,1027,2001-03-30, 5000950, 1, 4.5, 20, 4,14.4
 10258,C51600,1006,2001-03-30, 5000950, 2, 41.99, 10, 5,188.96
 10259,C94971,1040,2001-04-01, 5000361, 1, 32.12, 10, 2,57.82
 10260,C44202,1034,2001-04-02, 5000292, 1, 8.49, 10, 4,30.56
 10261,C26508,1044,2001-04-03, 5000937, 1, 22.99, 0, 2,45.98
 10262,C73249,1013,2001-04-04, 5000640, 1, 10.74, 5, 4,40.81
 10263,C94825,1045,2001-04-05, 5000350, 1, 99.99, 10, 3,269.97
 10264,C97388,1027,2001-04-05, 5000568, 1, 4.5, 15, 3,11.47
 10265,C70465,1045,2001-04-08, 5000404, 1, 99.99, 20, 2,159.98
 10266,C18012,1008,2001-04-10, 5000203, 1, 62.88, 5, 3,179.21
 10267,C28046,1019,2001-04-10, 5001092, 1, 79.7, 0, 2,159.4
 10268,C45374,1034,2001-04-12, 5000396, 1, 8.49, 0, 3,25.47
 10269,C48597,1037,2001-04-12, 5000676, 1, 54.94, 10, 2,98.89
 10270,C75446,1038,2001-04-12, 5000842, 1, 16.99, 20, 5,67.96
 10271,C48011,1053,2001-04-13, 5000621, 1, 93.0, 15, 5,395.25
 10272,C48011,1006,2001-04-13, 5000621, 2, 41.99, 10, 3,113.37
 10273,C74567,1014,2001-04-14, 5000758, 1, 17.49, 5, 2,33.23
 10274,C464,1042,2001-04-17, 5000846, 1, 89.99, 0, 5,449.95
 10275,C95923,1003,2001-04-17, 5000445, 1, 12.99, 10, 2,23.38
 10276,C69294,1051,2001-04-18, 5000298, 1, 122.37, 15, 3,312.04
 10277,C52259,1039,2001-04-21, 5001025, 1, 34.0, 15, 1,28.9
 10278,C24238,1014,2001-04-22, 5000732, 1, 17.49, 5, 2,33.23
 10279,C96582,1018,2001-04-22, 5000499, 1, 44.99, 5, 3,128.22
 10280,C18305,1002,2001-04-23, 5000226, 1, 14.97, 5, 2,28.44
 10281,C18305,1017,2001-04-23, 5000226, 2, 19.95, 10, 2,35.91
 10282,C18305,1030,2001-04-23, 5000226, 3, 22.75, 5, 4,86.45
 10283,C18305,1039,2001-04-23, 5000226, 4, 34.0, 5, 3,96.9
 10284,C53577,1048,2001-04-25, 5001141, 1, 104.49, 5, 1,99.27
 10285,C20209,1039,2001-04-26, 5000384, 1, 34.0, 0, 2,68
 10286,C20209,1038,2001-04-26, 5000384, 2, 16.99, 5, 2,32.28
 10287,C20209,1012,2001-04-26, 5000384, 3, 38.54, 5, 4,146.45
 10288,C23359,1011,2001-05-03, 5000651, 1, 24.99, 20, 3,59.98
 10289,C94678,1035,2001-05-03, 5000335, 1, 43.95, 5, 3,125.26
 10290,C79328,1007,2001-05-04, 5001208, 1, 7.96, 10, 3,21.49
 10291,C26362,1019,2001-05-10, 5000923, 1, 79.7, 5, 4,302.86
 10292,C4346,1041,2001-05-11, 5001211, 1, 28.94, 15, 4,98.4
 10293,C4346,1028,2001-05-11, 5001211, 2, 4.5, 5, 3,12.82
 10294,C53650,1022,2001-05-17, 5001144, 1, 13.99, 5, 2,26.58
 10295,C28705,1048,2001-05-18, 5001152, 1, 104.49, 10, 5,470.2
 10296,C41931,1009,2001-05-20, 5000119, 1, 16.99, 5, 4,64.56
 10297,C51819,1045,2001-05-24, 5000977, 1, 99.99, 15, 2,169.98
 10298,C70539,1008,2001-05-25, 5000416, 1, 62.88, 20, 5,251.52
 10299,C28632,1002,2001-05-27, 5001143, 1, 14.97, 20, 3,35.93
 10300,C28632,1018,2001-05-27, 5001143, 2, 44.99, 20, 5,179.96
 10301,C22480,1028,2001-05-28, 5000575, 1, 4.5, 10, 1,4.05
 10302,C27607,1004,2001-05-30, 5001059, 1, 59.99, 15, 2,101.98
 10303,C18232,1007,2001-06-01, 5000221, 1, 7.96, 15, 1,6.77
 10304,C42737,1039,2001-06-01, 5000180, 1, 34.0, 0, 4,136
 10305,C74201,1045,2001-06-01, 5000725, 1, 99.99, 20, 1,79.99
 10306,C44715,1026,2001-06-05, 5000336, 1, 18.15, 10, 2,32.67
 10307,C44715,1020,2001-06-05, 5000336, 2, 26.99, 10, 1,24.29
 10308,C28925,1050,2001-06-09, 5001174, 1, 98.96, 20, 4,316.67
 10309,C73395,1020,2001-06-10, 5000656, 1, 26.99, 5, 4,102.56
 10310,C4273,1032,2001-06-17, 5001205, 1, 4.5, 0, 2,9
 10311,C51600,1015,2001-06-17, 5000948, 1, 8.0, 5, 2,15.2
 10312,C45374,1039,2001-06-23, 5000397, 1, 34.0, 10, 4,122.4
 10313,C22553,1033,2001-06-26, 5000582, 1, 19.95, 5, 4,75.81
 10314,C94092,1040,2001-06-26, 5000283, 1, 32.12, 5, 3,91.54
 10315,C94092,1026,2001-06-26, 5000283, 2, 18.15, 0, 2,36.3
 10316,C2735,1031,2001-06-27, 5001068, 1, 17.99, 5, 2,34.18
 10317,C51966,1009,2001-06-27, 5000993, 1, 16.99, 10, 1,15.29
 10318,C66877,1022,2001-06-27, 5000116, 1, 13.99, 5, 3,39.87
 10319,C96143,1033,2001-06-29, 5000462, 1, 19.95, 10, 3,53.86
 10320,C21381,1028,2001-07-06, 5000485, 1, 4.5, 20, 5,18
 10321,C68781,1004,2001-07-06, 5000256, 1, 59.99, 20, 4,191.97
 10322,C1710,1040,2001-07-09, 5000965, 1, 32.12, 15, 4,109.21
 10323,C1710,1016,2001-07-09, 5000965, 2, 5.99, 5, 2,11.38
 10324,C27241,1050,2001-07-14, 5001024, 1, 98.96, 0, 3,296.88
 10325,C27241,1046,2001-07-14, 5001024, 2, 183.17, 0, 3,549.51
 10326,C27973,1028,2001-07-14, 5001084, 1, 4.5, 15, 4,15.3
 10327,C40760,1009,2001-07-14, 5000015, 1, 16.99, 10, 4,61.16
 10328,C78522,1013,2001-07-14, 5001139, 1, 10.74, 5, 3,30.61
 10329,C3248,1042,2001-07-15, 5001112, 1, 89.99, 15, 2,152.98
 10330,C51526,1036,2001-07-15, 5000941, 1, 28.24, 5, 3,80.48
 10331,C54163,1054,2001-07-15, 5001194, 1, 200.0, 20, 5,800
 10332,C54163,1030,2001-07-15, 5001194, 2, 22.75, 10, 2,40.95
 10333,C92847,1015,2001-07-15, 5000190, 1, 8.0, 10, 3,21.6
 10334,C68927,1015,2001-07-17, 5000267, 1, 8.0, 5, 5,38
 10335,C68927,1051,2001-07-17, 5000267, 2, 122.37, 15, 4,416.06
 10336,C18378,1034,2001-07-18, 5000228, 1, 8.49, 0, 3,25.47
 10337,C67902,1053,2001-07-19, 5000193, 1, 93.0, 10, 5,418.5
 10338,C44056,1026,2001-07-20, 5000281, 1, 18.15, 15, 5,77.14
 10339,C49183,1044,2001-07-20, 5000724, 1, 22.99, 15, 5,97.71
 10340,C2002,1026,2001-07-22, 5001001, 1, 18.15, 5, 2,34.48
 10341,C43616,1030,2001-07-22, 5000241, 1, 22.75, 5, 1,21.61
 10342,C46399,1056,2001-07-22, 5000487, 1, 2123.0, 5, 3,6050.55
 10343,C75812,1037,2001-07-23, 5000883, 1, 54.94, 15, 2,93.4
 10344,C75812,1047,2001-07-23, 5000883, 2, 56.95, 10, 3,153.77
 10345,C93067,1011,2001-07-23, 5000210, 1, 24.99, 15, 3,63.72
 10346,C46473,1024,2001-07-24, 5000491, 1, 25.0, 10, 4,90
 10347,C15741,1024,2001-07-25, 5000011, 1, 25.0, 5, 2,47.5
 10348,C18964,1047,2001-07-25, 5000269, 1, 56.95, 10, 4,205.02
 10349,C41199,1033,2001-07-25, 5000054, 1, 19.95, 20, 4,63.84
 10350,C41199,1025,2001-07-25, 5000054, 2, 39.94, 10, 2,71.89
 10351,C72223,1038,2001-07-25, 5000553, 1, 16.99, 15, 3,43.32
 10352,C27167,1022,2001-07-26, 5001014, 1, 13.99, 0, 3,41.97
 10353,C48890,1026,2001-07-31, 5000699, 1, 18.15, 0, 3,54.45
 10354,C20136,1042,2001-08-01, 5000373, 1, 89.99, 15, 4,305.97
 10355,C47718,1034,2001-08-02, 5000598, 1, 8.49, 5, 5,40.33
 10356,C3467,1020,2001-08-03, 5001136, 1, 26.99, 5, 3,76.92
 10357,C73688,1006,2001-08-05, 5000681, 1, 41.99, 20, 2,67.18
 10358,C74567,1041,2001-08-05, 5000757, 1, 28.94, 15, 2,49.2
 10359,C95850,1053,2001-08-06, 5000439, 1, 93.0, 10, 1,83.7
 10360,C95850,1019,2001-08-06, 5000439, 2, 79.7, 20, 2,127.52
 10361,C21015,1017,2001-08-08, 5000452, 1, 19.95, 5, 3,56.86
 10362,C21015,1048,2001-08-08, 5000452, 2, 104.49, 10, 2,188.08
 10363,C21015,1010,2001-08-08, 5000452, 3, 69.99, 20, 3,167.98
 10364,C49183,1013,2001-08-08, 5000723, 1, 10.74, 5, 2,20.41
 10365,C24018,1005,2001-08-09, 5000713, 1, 26.99, 10, 4,97.16
 10366,C1710,1005,2001-08-13, 5000964, 1, 26.99, 10, 1,24.29
 10367,C2588,1024,2001-08-13, 5001056, 1, 25.0, 15, 2,42.5
 10368,C43909,1044,2001-08-13, 5000262, 1, 22.99, 5, 4,87.36
 10369,C49109,1001,2001-08-14, 5000720, 1, 53.5, 15, 5,227.38
 10370,C49109,1016,2001-08-14, 5000720, 2, 5.99, 15, 2,10.18
 10371,C50281,1044,2001-08-15, 5000830, 1, 22.99, 20, 4,73.57
 10372,C50281,1015,2001-08-15, 5000830, 2, 8.0, 0, 1,8
 10373,C97901,1040,2001-08-15, 5000610, 1, 32.12, 10, 2,57.82
 10374,C97901,1022,2001-08-15, 5000610, 2, 13.99, 15, 3,35.67
 10375,C97901,1016,2001-08-15, 5000610, 3, 5.99, 15, 1,5.09
 10376,C97901,1044,2001-08-15, 5000610, 4, 22.99, 0, 4,91.96
 10377,C92188,1015,2001-08-16, 5000140, 1, 8.0, 5, 2,15.2
 10378,C92188,1040,2001-08-16, 5000140, 2, 32.12, 15, 1,27.3
 10379,C54676,1045,2001-08-21, 5001248, 1, 99.99, 5, 3,284.97
 10380,C79181,1052,2001-08-21, 5001196, 1, 107.96, 5, 2,205.12
 10381,C3101,1014,2001-08-23, 5001096, 1, 17.49, 5, 2,33.23
 10382,C24164,1039,2001-08-24, 5000722, 1, 34.0, 10, 1,30.6
 10383,C79108,1019,2001-08-25, 5001190, 1, 79.7, 20, 5,318.8
 10384,C92334,1043,2001-08-26, 5000148, 1, 24.99, 0, 3,74.97
 10385,C96802,1035,2001-08-27, 5000522, 1, 43.95, 5, 5,208.76
 10386,C96802,1038,2001-08-27, 5000522, 2, 16.99, 15, 3,43.32
 10387,C96802,1009,2001-08-27, 5000522, 3, 16.99, 10, 1,15.29
 10388,C50208,1027,2001-08-29, 5000822, 1, 4.5, 10, 2,8.1
 10389,C69733,1009,2001-08-30, 5000338, 1, 16.99, 15, 4,57.77
 10390,C43177,1030,2001-08-31, 5000217, 1, 22.75, 5, 4,86.45
 10391,C4346,1022,2001-08-31, 5001212, 1, 13.99, 10, 4,50.36
 10392,C4346,1015,2001-08-31, 5001212, 2, 8.0, 15, 3,20.4
 10393,C77643,1037,2001-09-02, 5001062, 1, 54.94, 15, 3,140.1
 10394,C23359,1046,2001-09-04, 5000653, 1, 183.17, 5, 3,522.03
 10395,C25556,1004,2001-09-10, 5000854, 1, 59.99, 20, 4,191.97
 10396,C25556,1043,2001-09-10, 5000854, 2, 24.99, 10, 5,112.45
 10397,C96949,1028,2001-09-10, 5000534, 1, 4.5, 10, 2,8.1
 10398,C98414,1017,2001-09-10, 5000660, 1, 19.95, 5, 3,56.86
 10399,C78449,1047,2001-09-11, 5001133, 1, 56.95, 5, 5,270.51
 10400,C70319,1011,2001-09-20, 5000394, 1, 24.99, 10, 3,67.47
 10401,C66437,1043,2001-09-24, 5000077, 1, 24.99, 5, 4,94.96
 10402,C3467,1043,2001-09-26, 5001135, 1, 24.99, 0, 2,49.98
 10403,C94165,1001,2001-10-01, 5000288, 1, 53.5, 10, 3,144.45
 10404,C25043,1011,2001-10-02, 5000809, 1, 24.99, 0, 3,74.97
 10405,C25043,1009,2001-10-02, 5000809, 2, 16.99, 15, 3,43.32
 10406,C70978,1004,2001-10-02, 5000450, 1, 59.99, 10, 2,107.98
 10407,C70978,1045,2001-10-02, 5000450, 2, 99.99, 5, 3,284.97
 10408,C16327,1002,2001-10-03, 5000064, 1, 14.97, 15, 4,50.9
 10409,C48743,1009,2001-10-12, 5000688, 1, 16.99, 10, 4,61.16
 10410,C42591,1005,2001-10-14, 5000170, 1, 26.99, 10, 1,24.29
 10411,C4639,1039,2001-10-14, 5001243, 1, 34.0, 20, 3,81.6
 10412,C76252,1026,2001-10-14, 5000917, 1, 18.15, 15, 5,77.14
 10413,C76252,1019,2001-10-14, 5000917, 2, 79.7, 0, 2,159.4
 10414,C76252,1013,2001-10-14, 5000917, 3, 10.74, 5, 5,51.02
 10415,C41785,1012,2001-10-18, 5000103, 1, 38.54, 15, 2,65.52
 10416,C74494,1011,2001-10-20, 5000754, 1, 24.99, 15, 5,106.21
 10417,C74494,1006,2001-10-20, 5000754, 2, 41.99, 0, 4,167.96
 10418,C1563,1000,2001-10-21, 5000945, 1, 1000.0, 5, 4,3800
 10419,C1563,1030,2001-10-21, 5000945, 2, 22.75, 0, 4,91
 10420,C20649,1020,2001-10-21, 5000423, 1, 26.99, 0, 2,53.98
 10421,C23871,1052,2001-10-23, 5000696, 1, 107.96, 15, 4,367.06
 10422,C53724,1045,2001-10-23, 5001153, 1, 99.99, 15, 2,169.98
 10423,C95704,1001,2001-10-23, 5000428, 1, 53.5, 15, 2,90.95
 10424,C27607,1033,2001-10-24, 5001058, 1, 19.95, 15, 2,33.91
 10425,C77204,1033,2001-10-29, 5001018, 1, 19.95, 15, 2,33.91
 10426,C3760,1003,2001-11-01, 5001158, 1, 12.99, 15, 1,11.04
 10427,C29584,1038,2001-11-02, 5001238, 1, 16.99, 15, 3,43.32
 10428,C20575,1032,2001-11-04, 5000419, 1, 4.5, 5, 3,12.82
 10429,C20575,1032,2001-11-04, 5000419, 2, 4.5, 10, 5,20.25
 10430,C93140,1043,2001-11-05, 5000216, 1, 24.99, 0, 5,124.95
 10431,C91382,1012,2001-11-06, 5000070, 1, 38.54, 10, 3,104.06
 10432,C29584,1044,2001-11-08, 5001237, 1, 22.99, 20, 1,18.39
 10433,C2295,1029,2001-11-09, 5001027, 1, 21.48, 0, 3,64.44
 10434,C2295,1018,2001-11-09, 5001027, 2, 44.99, 5, 2,85.48
 10435,C70173,1033,2001-11-09, 5000378, 1, 19.95, 10, 1,17.95
 10436,C66437,1032,2001-11-16, 5000074, 1, 4.5, 10, 4,16.2
 10437,C66437,1037,2001-11-16, 5000074, 2, 54.94, 5, 4,208.77
 10438,C76618,1029,2001-11-16, 5000954, 1, 21.48, 0, 5,107.4
 10439,C71198,1029,2001-11-17, 5000469, 1, 21.48, 15, 4,73.03
 10440,C71198,1003,2001-11-17, 5000469, 2, 12.99, 0, 5,64.95
 10441,C3321,1037,2001-11-19, 5001121, 1, 54.94, 0, 5,274.7
 10442,C3321,1003,2001-11-19, 5001121, 2, 12.99, 15, 3,33.12
 10443,C21601,1035,2001-11-20, 5000504, 1, 43.95, 15, 3,112.07
 10444,C21601,1030,2001-11-20, 5000504, 2, 22.75, 10, 2,40.95
 10445,C3321,1008,2001-11-20, 5001118, 1, 62.88, 10, 5,282.96
 10446,C3394,1014,2001-11-21, 5001127, 1, 17.49, 20, 5,69.96
 10447,C78156,1024,2001-11-22, 5001103, 1, 25.0, 15, 2,42.5
 10448,C65705,1009,2001-11-23, 5000010, 1, 16.99, 10, 2,30.58
 10449,C65705,1016,2001-11-23, 5000010, 2, 5.99, 20, 4,19.17
 10450,C3174,1047,2001-11-27, 5001106, 1, 56.95, 10, 4,205.02
 10451,C27680,1038,2001-11-30, 5001065, 1, 16.99, 0, 4,67.96
 10452,C16181,1045,2001-12-01, 5000052, 1, 99.99, 10, 4,359.96
 10453,C684,1028,2001-12-06, 5000869, 1, 4.5, 15, 5,19.12
 10454,C44715,1024,2001-12-09, 5000337, 1, 25.0, 5, 5,118.75
 10455,C45447,1037,2001-12-09, 5000403, 1, 54.94, 0, 2,109.88
 10456,C46106,1049,2001-12-11, 5000458, 1, 206.99, 10, 2,372.58
 10457,C79035,1034,2001-12-11, 5001184, 1, 8.49, 5, 1,8.07
 10458,C93360,1036,2001-12-11, 5000227, 1, 28.24, 10, 3,76.25
 10459,C75300,1035,2001-12-12, 5000831, 1, 43.95, 15, 4,149.43
 10460,C17865,1010,2001-12-14, 5000192, 1, 69.99, 5, 5,332.45
 10461,C17865,1029,2001-12-14, 5000192, 2, 21.48, 15, 4,73.03
 10462,C42737,1010,2001-12-17, 5000179, 1, 69.99, 5, 4,265.96
 10463,C2808,1024,2001-12-19, 5001073, 1, 25.0, 5, 3,71.25
 10464,C4420,1054,2001-12-24, 5001222, 1, 200.0, 15, 5,850
 10465,C49842,1037,2001-12-25, 5000788, 1, 54.94, 5, 3,156.58
 10466,C49842,1022,2001-12-25, 5000788, 2, 13.99, 5, 1,13.29
 10467,C40760,1010,2001-12-26, 5000013, 1, 69.99, 15, 2,118.98
 10468,C4493,1054,2001-12-28, 5001227, 1, 200.0, 5, 2,380
 10469,C29365,1020,2002-01-03, 5001214, 1, 26.99, 0, 4,107.96
 10470,C29365,1010,2002-01-03, 5001214, 2, 69.99, 15, 3,178.47
 10471,C99585,1040,2002-01-03, 5000760, 1, 32.12, 15, 5,136.51
 10472,C99585,1035,2002-01-03, 5000760, 2, 43.95, 0, 4,175.8
 10473,C70099,1022,2002-01-05, 5000369, 1, 13.99, 10, 5,62.96
 10474,C15961,1016,2002-01-07, 5000037, 1, 5.99, 10, 3,16.17
 10475,C15961,1041,2002-01-07, 5000037, 2, 28.94, 5, 4,109.97
 10476,C67463,1024,2002-01-07, 5000158, 1, 25.0, 5, 5,118.75
 10477,C3687,1027,2002-01-09, 5001148, 1, 4.5, 10, 4,16.2
 10478,C52625,1007,2002-01-11, 5001060, 1, 7.96, 15, 1,6.77
 10479,C66144,1046,2002-01-11, 5000047, 1, 183.17, 10, 4,659.41
 10480,C69880,1000,2002-01-11, 5000356, 1, 1000.0, 20, 2,1600
 10481,C69880,1041,2002-01-11, 5000356, 2, 28.94, 10, 2,52.09
 10482,C92554,1038,2002-01-12, 5000165, 1, 16.99, 10, 3,45.87
 10483,C47791,1029,2002-01-15, 5000601, 1, 21.48, 5, 2,40.81
 10484,C47791,1021,2002-01-15, 5000601, 2, 24.99, 5, 4,94.96
 10485,C4200,1008,2002-01-17, 5001198, 1, 62.88, 5, 1,59.74
 10486,C4200,1003,2002-01-17, 5001198, 2, 12.99, 10, 3,35.07
 10487,C48377,1006,2002-01-17, 5000654, 1, 41.99, 5, 5,199.45
 10488,C24970,1005,2002-01-18, 5000803, 1, 26.99, 10, 3,72.87
 10489,C73615,1042,2002-01-21, 5000677, 1, 89.99, 15, 3,229.47
 10490,C99732,1026,2002-01-23, 5000773, 1, 18.15, 5, 2,34.48
 10491,C99732,1033,2002-01-23, 5000773, 2, 19.95, 5, 2,37.9
 10492,C45081,1039,2002-01-25, 5000366, 1, 34.0, 0, 4,136
 10493,C45081,1024,2002-01-25, 5000366, 2, 25.0, 15, 1,21.25
 10494,C43689,1036,2002-01-26, 5000249, 1, 28.24, 5, 3,80.48
 10495,C92041,1002,2002-01-30, 5000127, 1, 14.97, 15, 4,50.9
 10496,C98194,1011,2002-02-01, 5000635, 1, 24.99, 10, 3,67.47
 10497,C48084,1041,2002-02-04, 5000628, 1, 28.94, 15, 4,98.4
 10498,C71564,1011,2002-02-05, 5000498, 1, 24.99, 10, 4,89.96
 10499,C48963,1009,2002-02-07, 5000707, 1, 16.99, 15, 3,43.32
 10500,C96656,1046,2002-02-07, 5000510, 1, 183.17, 15, 2,311.39
 10501,C47132,1034,2002-02-08, 5000544, 1, 8.49, 5, 2,16.13
 10502,C65558,1005,2002-02-10, 5000000, 1, 26.99, 15, 4,91.77
 10503,C99805,1021,2002-02-10, 5000782, 1, 24.99, 10, 4,89.96
 10504,C17133,1030,2002-02-11, 5000134, 1, 22.75, 5, 3,64.84
 10505,C48450,1053,2002-02-12, 5000664, 1, 93.0, 5, 4,353.4
 10506,C79108,1042,2002-02-12, 5001189, 1, 89.99, 5, 1,85.49
 10507,C70465,1038,2002-02-13, 5000405, 1, 16.99, 20, 4,54.37
 10508,C98047,1024,2002-02-13, 5000625, 1, 25.0, 10, 3,67.5
 10509,C98047,1044,2002-02-13, 5000625, 2, 22.99, 5, 3,65.52
 10510,C98340,1009,2002-02-14, 5000649, 1, 16.99, 0, 2,33.98
 10511,C98340,1018,2002-02-14, 5000649, 2, 44.99, 15, 3,114.72
 10512,C53284,1003,2002-02-15, 5001115, 1, 12.99, 10, 1,11.69
 10513,C53284,1015,2002-02-15, 5001115, 2, 8.0, 5, 3,22.8
 10514,C22846,1018,2002-02-16, 5000606, 1, 44.99, 5, 4,170.96
 10515,C26215,1036,2002-02-16, 5000915, 1, 28.24, 0, 5,141.2
 10516,C4127,1030,2002-02-17, 5001192, 1, 22.75, 10, 2,40.95
 10517,C4127,1015,2002-02-17, 5001192, 2, 8.0, 5, 4,30.4
 10518,C21161,1020,2002-02-18, 5000465, 1, 26.99, 15, 3,68.82
 10519,C74201,1011,2002-02-18, 5000727, 1, 24.99, 10, 2,44.98
 10520,C74201,1033,2002-02-18, 5000727, 2, 19.95, 0, 5,99.75
 10521,C52039,1045,2002-02-22, 5001005, 1, 99.99, 20, 4,319.97
 10522,C52039,1051,2002-02-22, 5001005, 2, 122.37, 10, 1,110.13
 10523,C78669,1036,2002-02-26, 5001147, 1, 28.24, 20, 2,45.18
 10524,C93653,1025,2002-02-26, 5000245, 1, 39.94, 20, 2,63.9
 10525,C41346,1026,2002-02-27, 5000068, 1, 18.15, 10, 2,32.67
 10526,C48450,1031,2002-02-27, 5000663, 1, 17.99, 15, 2,30.58
 10527,C48450,1014,2002-02-27, 5000663, 2, 17.49, 10, 2,31.48
 10528,C96216,1021,2002-02-28, 5000471, 1, 24.99, 5, 5,118.7
 10529,C17646,1007,2002-03-05, 5000173, 1, 7.96, 15, 4,27.06
 10530,C17646,1041,2002-03-05, 5000173, 2, 28.94, 20, 3,69.46
 10531,C41199,1032,2002-03-06, 5000056, 1, 4.5, 20, 2,7.2
 10532,C2369,1039,2002-03-07, 5001038, 1, 34.0, 10, 3,91.8
 10533,C93799,1012,2002-03-09, 5000258, 1, 38.54, 0, 3,115.62
 10534,C66803,1053,2002-03-12, 5000105, 1, 93.0, 15, 3,237.15
 10535,C76691,1035,2002-03-13, 5000962, 1, 43.95, 0, 5,219.75
 10536,C76618,1017,2002-03-15, 5000953, 1, 19.95, 15, 5,84.79
 10537,C90796,1021,2002-03-15, 5000018, 1, 24.99, 0, 2,49.98
 10538,C22919,1000,2002-03-18, 5000611, 1, 1000.0, 5, 4,3800
 10539,C25556,1043,2002-03-25, 5000853, 1, 24.99, 5, 1,23.74
 10540,C25556,1011,2002-03-25, 5000853, 2, 24.99, 20, 1,19.99
 10541,C25995,1044,2002-03-28, 5000897, 1, 22.99, 5, 4,87.36
 10542,C42957,1001,2002-03-29, 5000201, 1, 53.5, 5, 5,254.12
 10543,C245,1039,2002-03-31, 5000824, 1, 34.0, 10, 5,153
 10544,C245,1035,2002-03-31, 5000824, 2, 43.95, 10, 4,158.22
 10545,C67463,1021,2002-03-31, 5000156, 1, 24.99, 10, 5,112.45
 10546,C1343,1020,2002-04-01, 5000922, 1, 26.99, 10, 2,48.58
 10547,C28998,1049,2002-04-01, 5001182, 1, 206.99, 0, 2,413.98
 10548,C45374,1008,2002-04-03, 5000398, 1, 62.88, 15, 3,160.34
 10549,C51087,1015,2002-04-05, 5000906, 1, 8.0, 15, 3,20.4
 10550,C21161,1011,2002-04-07, 5000464, 1, 24.99, 5, 1,23.74
 10551,C21161,1023,2002-04-07, 5000464, 2, 29.99, 10, 4,107.96
 10552,C21161,1002,2002-04-07, 5000464, 3, 14.97, 10, 4,53.89
 10553,C94385,1044,2002-04-07, 5000303, 1, 22.99, 15, 2,39.08
 10554,C96656,1045,2002-04-07, 5000509, 1, 99.99, 10, 2,179.98
 10555,C96656,1032,2002-04-07, 5000509, 2, 4.5, 10, 2,8.1
 10556,C20942,1050,2002-04-12, 5000447, 1, 98.96, 15, 4,336.46
 10557,C20942,1033,2002-04-12, 5000447, 2, 19.95, 5, 2,37.9
 10558,C27167,1050,2002-04-13, 5001013, 1, 98.96, 15, 5,420.58
 10559,C41785,1011,2002-04-13, 5000104, 1, 24.99, 0, 4,99.96
 10560,C71930,1001,2002-04-13, 5000532, 1, 53.5, 20, 2,85.6
 10561,C4713,1029,2002-04-14, 5001250, 1, 21.48, 0, 4,85.92
 10562,C45447,1042,2002-04-17, 5000402, 1, 89.99, 15, 2,152.98
 10563,C77570,1030,2002-04-18, 5001055, 1, 22.75, 10, 1,20.48
 10564,C4273,1004,2002-04-21, 5001204, 1, 59.99, 15, 1,50.99
 10565,C52479,1020,2002-04-23, 5001047, 1, 26.99, 20, 4,86.37
 10566,C91895,1003,2002-04-25, 5000117, 1, 12.99, 15, 5,55.21
 10567,C99585,1014,2002-04-25, 5000759, 1, 17.49, 15, 2,29.73
 10568,C99585,1025,2002-04-25, 5000759, 2, 39.94, 5, 5,189.71
 10569,C75080,1049,2002-04-26, 5000812, 1, 206.99, 0, 2,413.98
 10570,C28046,1038,2002-04-27, 5001091, 1, 16.99, 10, 3,45.87
 10571,C69074,1010,2002-04-30, 5000282, 1, 69.99, 5, 4,265.96
 10572,C69074,1010,2002-04-30, 5000282, 2, 69.99, 10, 2,125.98
 10573,C22773,1051,2002-05-01, 5000600, 1, 122.37, 5, 1,116.25
 10574,C42298,1047,2002-05-01, 5000146, 1, 56.95, 15, 5,242.04
 10575,C73468,1013,2002-05-01, 5000665, 1, 10.74, 15, 3,27.39
 10576,C43103,1008,2002-05-02, 5000211, 1, 62.88, 10, 5,282.96
 10577,C43103,1033,2002-05-02, 5000211, 2, 19.95, 5, 5,94.76
 10578,C40979,1017,2002-05-03, 5000038, 1, 19.95, 5, 4,75.81
 10579,C40979,1005,2002-05-03, 5000038, 2, 26.99, 15, 3,68.82
 10580,C97315,1040,2002-05-04, 5000561, 1, 32.12, 10, 4,115.63
 10581,C43982,1026,2002-05-05, 5000271, 1, 18.15, 0, 4,72.6
 10582,C23505,1049,2002-05-06, 5000669, 1, 206.99, 10, 2,372.58
 10583,C23505,1054,2002-05-06, 5000669, 2, 200.0, 0, 4,800
 10584,C95557,1010,2002-05-08, 5000417, 1, 69.99, 5, 3,199.47
 10585,C3760,1020,2002-05-09, 5001160, 1, 26.99, 15, 5,114.71
 10586,C71051,1018,2002-05-09, 5000455, 1, 44.99, 20, 4,143.97
 10587,C21308,1002,2002-05-13, 5000479, 1, 14.97, 20, 3,35.93
 10588,C91675,1018,2002-05-16, 5000092, 1, 44.99, 5, 4,170.96
 10589,C29291,1051,2002-05-19, 5001206, 1, 122.37, 0, 2,244.74
 10590,C76984,1012,2002-05-19, 5000999, 1, 38.54, 20, 4,123.33
 10591,C76984,1022,2002-05-19, 5000999, 2, 13.99, 15, 2,23.78
 10592,C99439,1033,2002-05-19, 5000749, 1, 19.95, 10, 2,35.91
 10593,C78303,1051,2002-05-20, 5001117, 1, 122.37, 20, 3,293.69
 10594,C46253,1012,2002-05-22, 5000475, 1, 38.54, 5, 3,109.84
 10595,C4786,1042,2002-05-22, 5001257, 1, 89.99, 5, 3,256.47
 10596,C4786,1011,2002-05-22, 5001257, 2, 24.99, 10, 2,44.98
 10597,C4786,1051,2002-05-22, 5001257, 3, 122.37, 20, 3,293.69
 10598,C28412,1043,2002-05-25, 5001128, 1, 24.99, 15, 4,84.97
 10599,C50647,1023,2002-05-27, 5000863, 1, 29.99, 10, 5,134.95
 10600,C50647,1044,2002-05-27, 5000863, 2, 22.99, 5, 3,65.52
 10601,C70392,1014,2002-05-28, 5000399, 1, 17.49, 10, 3,47.22
 10602,C70832,1018,2002-05-28, 5000437, 1, 44.99, 5, 3,128.22
 10603,C99292,1009,2002-05-29, 5000736, 1, 16.99, 5, 1,16.14
 10604,C47205,1040,2002-05-31, 5000550, 1, 32.12, 5, 5,152.57
 10605,C47205,1030,2002-05-31, 5000550, 2, 22.75, 15, 3,58.01
 10606,C70905,1003,2002-05-31, 5000442, 1, 12.99, 15, 3,33.12
 10607,C53797,1053,2002-06-03, 5001163, 1, 93.0, 20, 3,223.2
 10608,C53797,1036,2002-06-03, 5001163, 2, 28.24, 15, 4,96.02
 10609,C53797,1007,2002-06-03, 5001163, 3, 7.96, 15, 2,13.53
 10610,C53797,1050,2002-06-03, 5001163, 4, 98.96, 10, 4,356.26
 10611,C53797,1031,2002-06-03, 5001163, 5, 17.99, 10, 4,64.76
 10612,C24604,1052,2002-06-06, 5000762, 1, 107.96, 5, 2,205.12
 10613,C25849,1032,2002-06-07, 5000889, 1, 4.5, 5, 1,4.27
 10614,C25849,1050,2002-06-07, 5000889, 2, 98.96, 0, 2,197.92
 10615,C96289,1010,2002-06-07, 5000477, 1, 69.99, 15, 2,118.98
 10616,C96289,1024,2002-06-07, 5000477, 2, 25.0, 15, 1,21.25
 10617,C41565,1047,2002-06-09, 5000082, 1, 56.95, 15, 3,145.22
 10618,C97901,1008,2002-06-09, 5000609, 1, 62.88, 15, 5,267.24
 10619,C97315,1029,2002-06-11, 5000563, 1, 21.48, 10, 3,58
 10620,C97315,1019,2002-06-11, 5000563, 2, 79.7, 5, 1,75.72
 10621,C97315,1009,2002-06-11, 5000563, 3, 16.99, 10, 1,15.29
 10622,C42664,1031,2002-06-12, 5000174, 1, 17.99, 15, 3,45.87
 10623,C91089,1003,2002-06-14, 5000043, 1, 12.99, 10, 1,11.69
 10624,C45887,1007,2002-06-15, 5000441, 1, 7.96, 20, 1,6.37
 10625,C75519,1037,2002-06-20, 5000850, 1, 54.94, 5, 3,156.58
 10626,C46180,1011,2002-06-22, 5000468, 1, 24.99, 5, 4,94.96
 10627,C72223,1040,2002-06-23, 5000552, 1, 32.12, 20, 4,102.78
 10628,C98707,1024,2002-06-24, 5000684, 1, 25.0, 0, 2,50
 10629,C27680,1031,2002-06-27, 5001066, 1, 17.99, 0, 1,17.99
 10630,C68195,1025,2002-06-30, 5000218, 1, 39.94, 5, 2,75.89
 10631,C18451,1021,2002-07-02, 5000230, 1, 24.99, 15, 1,21.24
 10632,C66657,1013,2002-07-04, 5000089, 1, 10.74, 15, 1,9.13
 10633,C3321,1035,2002-07-05, 5001120, 1, 43.95, 10, 1,39.56
 10634,C3321,1039,2002-07-05, 5001120, 2, 34.0, 10, 2,61.2
 10635,C51966,1012,2002-07-06, 5000994, 1, 38.54, 15, 2,65.52
 10636,C24238,1043,2002-07-08, 5000730, 1, 24.99, 10, 4,89.96
 10637,C44349,1053,2002-07-08, 5000300, 1, 93.0, 0, 2,186
 10638,C47278,1056,2002-07-11, 5000556, 1, 2123.0, 10, 4,7642.8
 10639,C98,1041,2002-07-11, 5000813, 1, 28.94, 0, 1,28.94
 10640,C92041,1056,2002-07-14, 5000129, 1, 2123.0, 10, 2,3821.4
 10641,C40906,1031,2002-07-15, 5000028, 1, 17.99, 0, 1,17.99
 10642,C40906,1040,2002-07-15, 5000028, 2, 32.12, 5, 4,122.06
 10643,C49842,1045,2002-07-16, 5000787, 1, 99.99, 10, 4,359.96
 10644,C49842,1048,2002-07-16, 5000787, 2, 104.49, 15, 4,355.27
 10645,C99292,1048,2002-07-16, 5000737, 1, 104.49, 5, 1,99.27
 10646,C67829,1043,2002-07-21, 5000187, 1, 24.99, 15, 2,42.48
 10647,C51600,1043,2002-07-25, 5000951, 1, 24.99, 15, 2,42.48
 10648,C51600,1011,2002-07-25, 5000951, 2, 24.99, 5, 2,47.48
 10649,C70173,1037,2002-07-28, 5000377, 1, 54.94, 10, 4,197.78
 10650,C70173,1039,2002-07-29, 5000379, 1, 34.0, 0, 2,68
 10651,C17133,1013,2002-08-01, 5000132, 1, 10.74, 15, 2,18.26
 10652,C17133,1005,2002-08-01, 5000132, 2, 26.99, 5, 1,25.64
 10653,C67389,1037,2002-08-01, 5000153, 1, 54.94, 10, 4,197.78
 10654,C29658,1053,2002-08-02, 5001246, 1, 93.0, 5, 3,265.05
 10655,C1490,1049,2002-08-03, 5000935, 1, 206.99, 10, 3,558.87
 10656,C2515,1044,2002-08-04, 5001051, 1, 22.99, 10, 2,41.38
 10657,C2515,1054,2002-08-04, 5001051, 2, 200.0, 15, 2,340
 10658,C46839,1051,2002-08-04, 5000525, 1, 122.37, 5, 3,348.75
 10659,C54529,1020,2002-08-06, 5001232, 1, 26.99, 0, 4,107.96
 10660,C43103,1027,2002-08-07, 5000213, 1, 4.5, 15, 5,19.12
 10661,C43103,1022,2002-08-07, 5000213, 2, 13.99, 10, 3,37.77
 10662,C42517,1030,2002-08-08, 5000163, 1, 22.75, 20, 2,36.4
 10663,C26948,1013,2002-08-10, 5000992, 1, 10.74, 0, 4,42.96
 10664,C26948,1048,2002-08-10, 5000992, 2, 104.49, 5, 2,198.53
 10665,C75666,1033,2002-08-16, 5000865, 1, 19.95, 5, 3,56.86
 10666,C28119,1026,2002-08-17, 5001099, 1, 18.15, 20, 1,14.52
 10667,C28119,1005,2002-08-17, 5001099, 2, 26.99, 10, 4,97.16
 10668,C79401,1040,2002-08-19, 5001219, 1, 32.12, 15, 4,109.21
 10669,C4786,1015,2002-08-26, 5001256, 1, 8.0, 10, 4,28.8
 10670,C17572,1040,2002-08-27, 5000168, 1, 32.12, 0, 2,64.24
 10671,C17572,1052,2002-08-27, 5000168, 2, 107.96, 5, 1,102.56
 10672,C94458,1040,2002-08-27, 5000314, 1, 32.12, 5, 4,122.06
 10673,C97168,1035,2002-08-30, 5000548, 1, 43.95, 20, 4,140.64
 10674,C2808,1039,2002-09-01, 5001072, 1, 34.0, 20, 1,27.2
 10675,C75446,1017,2002-09-01, 5000843, 1, 19.95, 5, 2,37.9
 10676,C53943,1032,2002-09-04, 5001176, 1, 4.5, 15, 2,7.65
 10677,C69001,1011,2002-09-05, 5000274, 1, 24.99, 10, 4,89.96
 10678,C92188,1038,2002-09-06, 5000139, 1, 16.99, 10, 1,15.29
 10679,C28852,1001,2002-09-07, 5001166, 1, 53.5, 10, 4,192.6
 10680,C66877,1037,2002-09-07, 5000113, 1, 54.94, 5, 2,104.39
 10681,C23139,1010,2002-09-11, 5000632, 1, 69.99, 0, 4,279.96
 10682,C52918,1016,2002-09-11, 5001082, 1, 5.99, 5, 1,5.69
 10683,C21528,1021,2002-09-12, 5000494, 1, 24.99, 15, 2,42.48
 10684,C90650,1035,2002-09-12, 5000005, 1, 43.95, 20, 2,70.32
 10685,C77350,1023,2002-09-14, 5001037, 1, 29.99, 15, 1,25.49
 10686,C77350,1050,2002-09-14, 5001037, 2, 98.96, 20, 3,237.5
 10687,C70685,1008,2002-09-19, 5000427, 1, 62.88, 15, 4,213.79
 10688,C52772,1001,2002-09-21, 5001069, 1, 53.5, 5, 1,50.82
 10689,C46546,1014,2002-09-27, 5000495, 1, 17.49, 0, 4,69.96
 10690,C17719,1021,2002-09-28, 5000177, 1, 24.99, 5, 4,94.96
 10691,C29072,1037,2002-10-01, 5001185, 1, 54.94, 5, 2,104.39
 10692,C72809,1054,2002-10-02, 5000602, 1, 200.0, 10, 4,720
 10693,C76764,1037,2002-10-02, 5000969, 1, 54.94, 15, 4,186.8
 10694,C21161,1023,2002-10-04, 5000466, 1, 29.99, 5, 2,56.98
 10695,C77790,1004,2002-10-05, 5001071, 1, 59.99, 15, 3,152.97
 10696,C20136,1049,2002-10-06, 5000374, 1, 206.99, 10, 4,745.16
 10697,C51526,1022,2002-10-06, 5000940, 1, 13.99, 10, 2,25.18
 10698,C51526,1054,2002-10-06, 5000940, 2, 200.0, 5, 2,380
 10699,C21967,1049,2002-10-11, 5000535, 1, 206.99, 20, 4,662.37
 10700,C27094,1001,2002-10-11, 5001011, 1, 53.5, 10, 3,144.45
 10701,C4420,1014,2002-10-15, 5001220, 1, 17.49, 5, 3,49.85
 10702,C71637,1001,2002-10-18, 5000507, 1, 53.5, 10, 3,144.45
 10703,C25263,1016,2002-10-24, 5000826, 1, 5.99, 0, 5,29.95
 10704,C19843,1009,2002-10-29, 5000353, 1, 16.99, 5, 3,48.42
 10705,C70978,1049,2002-10-30, 5000449, 1, 206.99, 15, 2,351.88
 10706,C78010,1034,2002-10-30, 5001089, 1, 8.49, 15, 3,21.65
 10707,C3687,1036,2002-11-01, 5001149, 1, 28.24, 15, 2,48.01
 10708,C47644,1036,2002-11-02, 5000589, 1, 28.24, 0, 1,28.24
 10709,C47644,1046,2002-11-02, 5000589, 2, 183.17, 5, 1,174.01
 10710,C2955,1020,2002-11-03, 5001083, 1, 26.99, 5, 1,25.64
 10711,C2955,1050,2002-11-03, 5001083, 2, 98.96, 15, 3,252.35
 10712,C68927,1039,2002-11-07, 5000265, 1, 34.0, 20, 3,81.6
 10713,C24897,1046,2002-11-08, 5000791, 1, 183.17, 0, 2,366.34
 10714,C92334,1040,2002-11-08, 5000147, 1, 32.12, 10, 1,28.91
 10715,C92334,1001,2002-11-08, 5000147, 2, 53.5, 15, 3,136.43
 10716,C67536,1021,2002-11-10, 5000164, 1, 24.99, 15, 3,63.72
 10717,C71271,1034,2002-11-10, 5000476, 1, 8.49, 5, 3,24.2
 10718,C99219,1051,2002-11-13, 5000729, 1, 122.37, 5, 2,232.5
 10719,C391,1008,2002-11-14, 5000840, 1, 62.88, 5, 1,59.74
 10720,C66364,1010,2002-11-14, 5000069, 1, 69.99, 5, 4,265.96
 10721,C78083,1053,2002-11-16, 5001095, 1, 93.0, 10, 5,418.5
 10722,C1050,1040,2002-11-19, 5000901, 1, 32.12, 15, 2,54.6
 10723,C1050,1042,2002-11-19, 5000901, 2, 89.99, 10, 1,80.99
 10724,C24604,1052,2002-11-19, 5000764, 1, 107.96, 0, 2,215.92
 10725,C96216,1003,2002-11-19, 5000470, 1, 12.99, 15, 2,22.08
 10726,C28193,1032,2002-11-24, 5001110, 1, 4.5, 15, 1,3.82
 10727,C99512,1027,2002-11-27, 5000755, 1, 4.5, 15, 5,19.12
 10728,C90943,1027,2002-12-04, 5000034, 1, 4.5, 10, 3,12.15
 10729,C90943,1036,2002-12-04, 5000034, 2, 28.24, 5, 5,134.14
 10730,C78889,1052,2002-12-07, 5001170, 1, 107.96, 5, 2,205.12
 10731,C19110,1009,2002-12-10, 5000286, 1, 16.99, 10, 1,15.29
 10732,C16181,1026,2002-12-11, 5000051, 1, 18.15, 5, 2,34.48
 10733,C76105,1013,2002-12-13, 5000907, 1, 10.74, 0, 5,53.7
 10734,C52845,1019,2002-12-17, 5001075, 1, 79.7, 15, 2,135.49
 10735,C53870,1013,2002-12-19, 5001169, 1, 10.74, 10, 2,19.33
 10736,C71930,1048,2002-12-19, 5000531, 1, 104.49, 20, 4,334.37
 10737,C79401,1040,2002-12-23, 5001218, 1, 32.12, 5, 4,122.06
 10738,C79401,1011,2002-12-23, 5001218, 2, 24.99, 5, 4,94.96
 10739,C77204,1029,2002-12-25, 5001019, 1, 21.48, 5, 3,61.22
 10740,C16913,1047,2002-12-30, 5000118, 1, 56.95, 0, 4,227.8
 10741,C16913,1030,2002-12-30, 5000118, 2, 22.75, 10, 4,81.9
 10742,C73908,1023,2002-12-31, 5000702, 1, 29.99, 5, 3,85.47
 10743,C73908,1027,2002-12-31, 5000702, 2, 4.5, 15, 1,3.82
 10744,C73908,1019,2002-12-31, 5000702, 3, 79.7, 15, 2,135.49
 10745,C94019,1004,2003-01-07, 5000276, 1, 59.99, 20, 2,95.98
 10746,C44495,1029,2003-01-08, 5000317, 1, 21.48, 5, 2,40.81
 10747,C54236,1027,2003-01-10, 5001199, 1, 4.5, 15, 1,3.82
 10748,C54236,1013,2003-01-10, 5001199, 2, 10.74, 20, 1,8.59
 10749,C69147,1044,2003-01-11, 5000287, 1, 22.99, 5, 3,65.52
 10750,C43616,1027,2003-01-13, 5000242, 1, 4.5, 15, 4,15.3
 10751,C43616,1007,2003-01-13, 5000242, 2, 7.96, 20, 4,25.47
 10752,C43030,1053,2003-01-14, 5000205, 1, 93.0, 10, 3,251.1
 10753,C99292,1043,2003-01-14, 5000738, 1, 24.99, 15, 4,84.97
 10754,C99292,1013,2003-01-14, 5000738, 2, 10.74, 5, 1,10.2
 10755,C51087,1041,2003-01-15, 5000905, 1, 28.94, 10, 3,78.14
 10756,C17279,1012,2003-01-16, 5000144, 1, 38.54, 15, 1,32.76
 10757,C22333,1026,2003-01-16, 5000566, 1, 18.15, 10, 5,81.68
 10758,C52845,1008,2003-01-18, 5001076, 1, 62.88, 10, 4,226.37
 10759,C18671,1036,2003-01-19, 5000247, 1, 28.24, 15, 4,96.02
 10760,C49329,1007,2003-01-19, 5000741, 1, 7.96, 10, 4,28.66
 10761,C78962,1017,2003-01-20, 5001177, 1, 19.95, 0, 2,39.9
 10762,C22553,1036,2003-01-21, 5000581, 1, 28.24, 10, 5,127.08
 10763,C53724,1003,2003-01-21, 5001155, 1, 12.99, 5, 3,37.02
 10764,C21088,1008,2003-01-22, 5000457, 1, 62.88, 20, 4,201.22
 10765,C25776,1012,2003-01-24, 5000880, 1, 38.54, 10, 2,69.37
 10766,C51453,1013,2003-01-26, 5000929, 1, 10.74, 10, 3,29
 10767,C93067,1044,2003-01-28, 5000209, 1, 22.99, 10, 2,41.38
 10768,C53431,1014,2003-01-30, 5001130, 1, 17.49, 20, 2,27.98
 10769,C73688,1020,2003-02-01, 5000683, 1, 26.99, 20, 2,43.18
 10770,C73688,1005,2003-02-01, 5000683, 2, 26.99, 5, 2,51.28
 10771,C98121,1034,2003-02-02, 5000630, 1, 8.49, 5, 1,8.07
 10772,C47937,1026,2003-02-05, 5000614, 1, 18.15, 5, 4,68.97
 10773,C16840,1010,2003-02-08, 5000109, 1, 69.99, 20, 4,223.97
 10774,C16840,1034,2003-02-08, 5000109, 2, 8.49, 15, 3,21.65
 10775,C21601,1020,2003-02-08, 5000502, 1, 26.99, 15, 3,68.82
 10776,C96729,1054,2003-02-09, 5000517, 1, 200.0, 5, 4,760
 10777,C17133,1034,2003-02-10, 5000133, 1, 8.49, 15, 2,14.43
 10778,C17133,1031,2003-02-10, 5000133, 2, 17.99, 0, 3,53.97
 10779,C3467,1056,2003-02-10, 5001134, 1, 2123.0, 0, 3,6369
 10780,C96875,1049,2003-02-15, 5000527, 1, 206.99, 15, 4,703.77
 10781,C977,1031,2003-02-17, 5000896, 1, 17.99, 20, 1,14.39
 10782,C17499,1020,2003-02-20, 5000160, 1, 26.99, 10, 3,72.87
 10783,C78376,1056,2003-02-28, 5001125, 1, 2123.0, 10, 4,7642.8
 10784,C78376,1037,2003-02-28, 5001125, 2, 54.94, 10, 4,197.78
 10785,C51600,1044,2003-03-02, 5000949, 1, 22.99, 15, 1,19.54
 10786,C26801,1047,2003-03-03, 5000975, 1, 56.95, 10, 3,153.77
 10787,C26801,1001,2003-03-03, 5000975, 2, 53.5, 15, 2,90.95
 10788,C26508,1051,2003-03-04, 5000938, 1, 122.37, 0, 2,244.74
 10789,C28998,1037,2003-03-04, 5001180, 1, 54.94, 5, 3,156.58
 10790,C66877,1022,2003-03-09, 5000111, 1, 13.99, 15, 3,35.67
 10791,C95484,1018,2003-03-10, 5000406, 1, 44.99, 0, 4,179.96
 10792,C95484,1019,2003-03-10, 5000406, 2, 79.7, 10, 3,215.19
 10793,C95484,1011,2003-03-10, 5000406, 3, 24.99, 10, 4,89.96
 10794,C24238,1047,2003-03-13, 5000731, 1, 56.95, 10, 2,102.51
 10795,C78156,1053,2003-03-14, 5001104, 1, 93.0, 10, 2,167.4
 10796,C4127,1015,2003-03-16, 5001191, 1, 8.0, 10, 4,28.8
 10797,C93506,1005,2003-03-16, 5000233, 1, 26.99, 10, 2,48.58
 10798,C96582,1053,2003-03-16, 5000501, 1, 93.0, 15, 3,237.15
 10799,C24311,1020,2003-03-17, 5000740, 1, 26.99, 5, 2,51.28
 10800,C29072,1046,2003-03-21, 5001186, 1, 183.17, 15, 3,467.08
 10801,C29072,1007,2003-03-21, 5001186, 2, 7.96, 10, 3,21.49
 10802,C51673,1002,2003-03-22, 5000960, 1, 14.97, 5, 5,71.11
 10803,C51673,1007,2003-03-22, 5000960, 2, 7.96, 15, 3,20.3
 10804,C68488,1028,2003-03-24, 5000231, 1, 4.5, 10, 2,8.1
 10805,C68488,1005,2003-03-24, 5000231, 2, 26.99, 10, 3,72.87
 10806,C25336,1030,2003-03-25, 5000835, 1, 22.75, 0, 3,68.25
 10807,C25995,1002,2003-03-25, 5000898, 1, 14.97, 15, 2,25.45
 10808,C28486,1020,2003-03-25, 5001137, 1, 26.99, 10, 3,72.87
 10809,C3760,1004,2003-03-26, 5001159, 1, 59.99, 15, 4,203.97
 10810,C76838,1021,2003-03-27, 5000979, 1, 24.99, 10, 3,67.47
 10811,C684,1001,2003-04-01, 5000868, 1, 53.5, 10, 3,144.45
 10812,C17719,1039,2003-04-02, 5000178, 1, 34.0, 5, 4,129.2
 10813,C40613,1018,2003-04-02, 5000003, 1, 44.99, 5, 1,42.74
 10814,C52186,1049,2003-04-02, 5001015, 1, 206.99, 5, 4,786.56
 10815,C94092,1023,2003-04-02, 5000284, 1, 29.99, 10, 5,134.95
 10816,C71125,1021,2003-04-03, 5000459, 1, 24.99, 0, 2,49.98
 10817,C76984,1026,2003-04-05, 5000997, 1, 18.15, 20, 2,29.04
 10818,C53065,1052,2003-04-10, 5001094, 1, 107.96, 20, 5,431.84
 10819,C76618,1019,2003-04-10, 5000952, 1, 79.7, 0, 4,318.8
 10820,C2662,1032,2003-04-11, 5001063, 1, 4.5, 5, 1,4.27
 10821,C2662,1046,2003-04-11, 5001063, 2, 183.17, 10, 1,164.85
 10822,C26728,1003,2003-04-11, 5000967, 1, 12.99, 15, 3,33.12
 10823,C16767,1039,2003-04-12, 5000101, 1, 34.0, 20, 4,108.8
 10824,C17353,1043,2003-04-12, 5000150, 1, 24.99, 5, 4,94.96
 10825,C43763,1053,2003-04-12, 5000255, 1, 93.0, 15, 5,395.25
 10826,C47352,1054,2003-04-18, 5000567, 1, 200.0, 15, 5,850
 10827,C47352,1011,2003-04-18, 5000567, 2, 24.99, 10, 5,112.45
 10828,C49476,1052,2003-04-18, 5000752, 1, 107.96, 10, 4,388.66
 10829,C49476,1022,2003-04-18, 5000752, 2, 13.99, 10, 3,37.77
 10830,C47571,1041,2003-04-20, 5000584, 1, 28.94, 15, 4,98.4
 10831,C22187,1003,2003-04-24, 5000549, 1, 12.99, 0, 4,51.96
 10832,C22992,1037,2003-04-24, 5000618, 1, 54.94, 20, 4,175.81
 10833,C47059,1050,2003-04-24, 5000541, 1, 98.96, 10, 3,267.19
 10834,C92554,1052,2003-04-30, 5000166, 1, 107.96, 10, 4,388.66
 10835,C54456,1006,2003-05-02, 5001225, 1, 41.99, 15, 5,178.46
 10836,C68927,1033,2003-05-02, 5000266, 1, 19.95, 20, 2,31.92
 10837,C69440,1012,2003-05-02, 5000310, 1, 38.54, 5, 3,109.84
 10838,C95191,1010,2003-05-02, 5000382, 1, 69.99, 5, 2,132.98
 10839,C65558,1047,2003-05-03, 5000001, 1, 56.95, 15, 4,193.63
 10840,C91455,1038,2003-05-03, 5000078, 1, 16.99, 20, 2,27.18
 10841,C44202,1016,2003-05-04, 5000293, 1, 5.99, 20, 3,14.38
 10842,C43543,1009,2003-05-05, 5000235, 1, 16.99, 20, 3,40.78
 10843,C41199,1010,2003-05-06, 5000055, 1, 69.99, 5, 3,199.47
 10844,C74201,1035,2003-05-06, 5000726, 1, 43.95, 5, 3,125.26
 10845,C41639,1010,2003-05-11, 5000087, 1, 69.99, 20, 5,279.96
 10846,C41639,1023,2003-05-11, 5000087, 2, 29.99, 10, 2,53.98
 10847,C42591,1031,2003-05-11, 5000169, 1, 17.99, 10, 3,48.57
 10848,C1050,1050,2003-05-12, 5000902, 1, 98.96, 15, 3,252.35
 10849,C23578,1004,2003-05-12, 5000675, 1, 59.99, 15, 2,101.98
 10850,C76984,1003,2003-05-12, 5000996, 1, 12.99, 5, 4,49.36
 10851,C76984,1013,2003-05-12, 5000996, 2, 10.74, 10, 2,19.33
 10852,C29438,1044,2003-05-13, 5001223, 1, 22.99, 15, 3,58.62
 10853,C3174,1033,2003-05-13, 5001108, 1, 19.95, 20, 2,31.92
 10854,C25190,1016,2003-05-14, 5000819, 1, 5.99, 10, 3,16.17
 10855,C20649,1025,2003-05-16, 5000424, 1, 39.94, 0, 1,39.94
 10856,C904,1027,2003-05-16, 5000893, 1, 4.5, 10, 2,8.1
 10857,C16254,1026,2003-05-18, 5000058, 1, 18.15, 15, 3,46.28
 10858,C99219,1023,2003-05-22, 5000728, 1, 29.99, 0, 1,29.99
 10859,C91748,1046,2003-05-23, 5000098, 1, 183.17, 5, 3,522.03
 10860,C91748,1010,2003-05-23, 5000098, 2, 69.99, 0, 2,139.98
 10861,C91748,1026,2003-05-23, 5000098, 3, 18.15, 10, 3,49.01
 10862,C49256,1006,2003-05-25, 5000734, 1, 41.99, 10, 2,75.58
 10863,C40686,1056,2003-05-26, 5000007, 1, 2123.0, 5, 4,8067.4
 10864,C15888,1046,2003-05-29, 5000026, 1, 183.17, 15, 5,778.47
 10865,C44202,1037,2003-05-30, 5000291, 1, 54.94, 20, 4,175.81
 10866,C92041,1037,2003-06-01, 5000128, 1, 54.94, 10, 4,197.78
 10867,C52332,1012,2003-06-05, 5001034, 1, 38.54, 10, 4,138.74
 10868,C73029,1019,2003-06-05, 5000622, 1, 79.7, 5, 1,75.72
 10869,C68708,1008,2003-06-08, 5000252, 1, 62.88, 20, 4,201.22
 10870,C16107,1019,2003-06-15, 5000046, 1, 79.7, 20, 5,318.8
 10871,C3980,1034,2003-06-16, 5001179, 1, 8.49, 15, 5,36.08
 10872,C68122,1016,2003-06-18, 5000214, 1, 5.99, 15, 3,15.27
 10873,C1343,1013,2003-06-19, 5000921, 1, 10.74, 15, 2,18.26
 10874,C18232,1053,2003-06-20, 5000222, 1, 93.0, 5, 3,265.05
 10875,C72809,1027,2003-06-21, 5000604, 1, 4.5, 15, 3,11.47
 10876,C19403,1027,2003-06-22, 5000308, 1, 4.5, 5, 1,4.27
 10877,C22040,1037,2003-06-22, 5000540, 1, 54.94, 10, 3,148.34
 10878,C28852,1034,2003-06-24, 5001167, 1, 8.49, 15, 2,14.43
 10879,C77204,1031,2003-06-25, 5001021, 1, 17.99, 5, 2,34.18
 10880,C27314,1035,2003-06-30, 5001031, 1, 43.95, 10, 5,197.78
 10881,C70099,1017,2003-07-03, 5000368, 1, 19.95, 0, 3,59.85
 10882,C52991,1011,2003-07-04, 5001088, 1, 24.99, 10, 3,67.47
 10883,C52991,1002,2003-07-04, 5001088, 2, 14.97, 10, 3,40.42
 10884,C52991,1036,2003-07-04, 5001088, 3, 28.24, 5, 4,107.31
 10885,C50062,1036,2003-07-07, 5000810, 1, 28.24, 5, 2,53.66
 10886,C24970,1034,2003-07-10, 5000802, 1, 8.49, 5, 4,32.26
 10887,C78449,1040,2003-07-10, 5001131, 1, 32.12, 15, 4,109.21
 10888,C2881,1050,2003-07-12, 5001078, 1, 98.96, 15, 4,336.46
 10889,C27021,1000,2003-07-13, 5001002, 1, 1000.0, 10, 2,1800
 10890,C90796,1046,2003-07-14, 5000017, 1, 183.17, 20, 2,293.07
 10891,C90869,1045,2003-07-14, 5000025, 1, 99.99, 0, 2,199.98
 10892,C76691,1018,2003-07-17, 5000963, 1, 44.99, 10, 3,121.47
 10893,C1124,1006,2003-07-20, 5000909, 1, 41.99, 10, 4,151.16
 10894,C318,1005,2003-07-21, 5000834, 1, 26.99, 15, 4,91.77
 10895,C44495,1024,2003-07-22, 5000316, 1, 25.0, 5, 2,47.5
 10896,C52039,1004,2003-07-23, 5001004, 1, 59.99, 15, 3,152.97
 10897,C65924,1020,2003-07-23, 5000033, 1, 26.99, 10, 2,48.58
 10898,C1856,1013,2003-07-25, 5000981, 1, 10.74, 15, 1,9.13
 10899,C45594,1012,2003-07-28, 5000420, 1, 38.54, 15, 2,65.52
 10900,C93213,1045,2003-07-28, 5000220, 1, 99.99, 0, 4,399.96
 10901,C65778,1008,2003-07-31, 5000016, 1, 62.88, 5, 3,179.21
 10902,C98926,1007,2003-08-02, 5000706, 1, 7.96, 0, 2,15.92
 10903,C24457,1041,2003-08-03, 5000751, 1, 28.94, 0, 4,115.76
 10904,C98853,1016,2003-08-03, 5000694, 1, 5.99, 5, 4,22.76
 10905,C18744,1050,2003-08-04, 5000253, 1, 98.96, 20, 4,316.67
 10906,C18744,1046,2003-08-04, 5000253, 2, 183.17, 10, 5,824.26
 10907,C76105,1015,2003-08-05, 5000908, 1, 8.0, 5, 5,38
 10908,C21308,1016,2003-08-06, 5000480, 1, 5.99, 10, 3,16.17
 10909,C72297,1008,2003-08-06, 5000558, 1, 62.88, 10, 3,169.78
 10910,C76911,1056,2003-08-06, 5000987, 1, 2123.0, 15, 3,5413.65
 10911,C44275,1047,2003-08-08, 5000297, 1, 56.95, 10, 4,205.02
 10912,C74054,1020,2003-08-08, 5000715, 1, 26.99, 5, 5,128.2
 10913,C90869,1002,2003-08-09, 5000024, 1, 14.97, 10, 2,26.95
 10914,C97535,1015,2003-08-09, 5000579, 1, 8.0, 10, 3,21.6
 10915,C391,1044,2003-08-12, 5000839, 1, 22.99, 20, 2,36.78
 10916,C29365,1054,2003-08-14, 5001213, 1, 200.0, 10, 2,360
 10917,C92261,1037,2003-08-14, 5000143, 1, 54.94, 10, 3,148.34
 10918,C43982,1002,2003-08-15, 5000270, 1, 14.97, 5, 5,71.11
 10919,C94751,1009,2003-08-15, 5000341, 1, 16.99, 5, 5,80.7
 10920,C96802,1024,2003-08-18, 5000521, 1, 25.0, 0, 4,100
 10921,C72883,1000,2003-08-19, 5000608, 1, 1000.0, 10, 4,3600
 10922,C72883,1019,2003-08-19, 5000608, 2, 79.7, 5, 3,227.15
 10923,C3760,1037,2003-08-20, 5001157, 1, 54.94, 20, 4,175.81
 10924,C50867,1031,2003-08-20, 5000891, 1, 17.99, 5, 2,34.18
 10925,C70612,1047,2003-08-22, 5000421, 1, 56.95, 10, 3,153.77
 10926,C23505,1020,2003-08-23, 5000668, 1, 26.99, 10, 2,48.58
 10927,C26655,1002,2003-08-23, 5000958, 1, 14.97, 5, 4,56.89
 10928,C47205,1040,2003-08-27, 5000551, 1, 32.12, 0, 2,64.24
 10929,C23285,1024,2003-08-30, 5000646, 1, 25.0, 0, 1,25
 10930,C73981,1015,2003-08-31, 5000710, 1, 8.0, 10, 3,21.6
 10931,C24750,1003,2003-09-04, 5000775, 1, 12.99, 15, 4,44.17
 10932,C21820,1045,2003-09-05, 5000523, 1, 99.99, 20, 4,319.97
 10933,C49842,1026,2003-09-05, 5000786, 1, 18.15, 5, 3,51.73
 10934,C68561,1035,2003-09-05, 5000237, 1, 43.95, 5, 4,167.01
 10935,C44788,1050,2003-09-06, 5000345, 1, 98.96, 15, 3,252.35
 10936,C91309,1012,2003-09-07, 5000063, 1, 38.54, 10, 2,69.37
 10937,C18891,1001,2003-09-09, 5000261, 1, 53.5, 15, 3,136.43
 10938,C18891,1023,2003-09-09, 5000261, 2, 29.99, 15, 3,76.47
 10939,C48377,1036,2003-09-10, 5000655, 1, 28.24, 5, 4,107.31
 10940,C48377,1001,2003-09-10, 5000655, 2, 53.5, 10, 5,240.75
 10941,C29511,1007,2003-09-11, 5001231, 1, 7.96, 10, 4,28.66
 10942,C54310,1029,2003-09-14, 5001207, 1, 21.48, 5, 2,40.81
 10943,C54310,1039,2003-09-14, 5001207, 2, 34.0, 15, 3,86.7
 10944,C46326,1054,2003-09-15, 5000482, 1, 200.0, 5, 3,570
 10945,C67755,1038,2003-09-18, 5000182, 1, 16.99, 15, 5,72.21
 10946,C67755,1043,2003-09-20, 5000181, 1, 24.99, 10, 3,67.47
 10947,C74933,1006,2003-09-20, 5000794, 1, 41.99, 15, 5,178.46
 10948,C75593,1021,2003-09-24, 5000859, 1, 24.99, 10, 1,22.49
 10949,C538,1022,2003-09-25, 5000852, 1, 13.99, 0, 1,13.99
 10950,C99952,1004,2003-09-26, 5000798, 1, 59.99, 5, 2,113.98
 10951,C51233,1008,2003-09-27, 5000916, 1, 62.88, 15, 2,106.9
 10952,C51233,1038,2003-09-27, 5000916, 2, 16.99, 15, 4,57.77
 10953,C27680,1045,2003-09-28, 5001064, 1, 99.99, 15, 4,339.97
 10954,C27680,1043,2003-09-28, 5001064, 2, 24.99, 15, 3,63.72
 10955,C757,1006,2003-09-28, 5000878, 1, 41.99, 5, 3,119.67
 10956,C1197,1035,2003-09-29, 5000914, 1, 43.95, 10, 2,79.11
 10957,C19623,1046,2003-10-01, 5000329, 1, 183.17, 5, 5,870.06
 10958,C24604,1040,2003-10-01, 5000761, 1, 32.12, 5, 2,61.03
 10959,C53138,1010,2003-10-02, 5001100, 1, 69.99, 15, 4,237.97
 10960,C73908,1022,2003-10-07, 5000701, 1, 13.99, 5, 4,53.16
 10961,C54603,1019,2003-10-10, 5001241, 1, 79.7, 10, 2,143.46
 10962,C21747,1017,2003-10-12, 5000519, 1, 19.95, 20, 2,31.92
 10963,C69880,1020,2003-10-12, 5000355, 1, 26.99, 15, 2,45.88
 10964,C28119,1046,2003-10-13, 5001097, 1, 183.17, 10, 2,329.71
 10965,C74640,1025,2003-10-14, 5000768, 1, 39.94, 10, 4,143.78
 10966,C17206,1027,2003-10-18, 5000142, 1, 4.5, 20, 3,10.8
 10967,C74421,1002,2003-10-20, 5000746, 1, 14.97, 0, 4,59.88
 10968,C50281,1045,2003-10-21, 5000828, 1, 99.99, 10, 2,179.98
 10969,C50281,1000,2003-10-21, 5000828, 2, 1000.0, 10, 2,1800
 10970,C45227,1038,2003-10-23, 5000386, 1, 16.99, 10, 3,45.87
 10971,C98926,1051,2003-10-23, 5000705, 1, 122.37, 15, 2,208.03
 10972,C3834,1044,2003-10-27, 5001164, 1, 22.99, 10, 5,103.45
 10973,C48890,1029,2003-10-28, 5000700, 1, 21.48, 10, 3,58
 10974,C76471,1011,2003-10-29, 5000932, 1, 24.99, 20, 4,79.97
 10975,C25702,1054,2003-11-02, 5000872, 1, 200.0, 20, 4,640
 10976,C54749,1039,2003-11-04, 5001253, 1, 34.0, 15, 1,28.9
 10977,C29584,1009,2003-11-05, 5001239, 1, 16.99, 0, 1,16.99
 10978,C97022,1031,2003-11-09, 5000539, 1, 17.99, 0, 4,71.96
 10979,C68415,1051,2003-11-13, 5000229, 1, 122.37, 5, 1,116.25
 10980,C67829,1015,2003-11-14, 5000188, 1, 8.0, 10, 5,36
 10981,C94239,1023,2003-11-16, 5000294, 1, 29.99, 20, 5,119.96
 10982,C25629,1012,2003-11-20, 5000862, 1, 38.54, 15, 3,98.28
 10983,C98194,1051,2003-11-22, 5000637, 1, 122.37, 15, 1,104.01
 10984,C98194,1019,2003-11-22, 5000637, 2, 79.7, 10, 3,215.19
 10985,C65851,1033,2003-11-23, 5000022, 1, 19.95, 20, 4,63.84
 10986,C66877,1034,2003-11-24, 5000114, 1, 8.49, 10, 1,7.64
 10987,C19403,1040,2003-11-29, 5000307, 1, 32.12, 5, 3,91.54
 10988,C47644,1008,2003-11-30, 5000588, 1, 62.88, 5, 4,238.94
 10989,C51380,1008,2003-12-09, 5000924, 1, 62.88, 0, 3,188.64
 10990,C24823,1031,2003-12-11, 5000783, 1, 17.99, 5, 4,68.36
 10991,C41419,1015,2003-12-11, 5000072, 1, 8.0, 0, 2,16
 10992,C70099,1034,2003-12-11, 5000370, 1, 8.49, 20, 5,33.96
 10993,C70539,1011,2003-12-13, 5000415, 1, 24.99, 20, 4,79.97
 10994,C69806,1049,2003-12-15, 5000348, 1, 206.99, 5, 4,786.56
 10995,C72516,1053,2003-12-17, 5000577, 1, 93.0, 0, 1,93
 10996,C75812,1004,2003-12-18, 5000885, 1, 59.99, 20, 1,47.99
 10997,C95264,1036,2003-12-18, 5000389, 1, 28.24, 10, 2,50.83
 10998,C17939,1019,2003-12-19, 5000197, 1, 79.7, 10, 4,286.92
 10999,C17939,1027,2003-12-19, 5000197, 2, 4.5, 10, 4,16.2
 11000,C79621,1024,2003-12-19, 5001242, 1, 25.0, 0, 1,25
 11001,C25116,1027,2003-12-24, 5000815, 1, 4.5, 0, 2,9
 11002,C22919,1053,2003-12-27, 5000613, 1, 93.0, 5, 1,88.35
 11003,C95118,1004,2003-12-27, 5000371, 1, 59.99, 10, 3,161.97
 11004,C20795,1044,2003-12-31, 5000435, 1, 22.99, 20, 2,36.78
 11005,C92481,1053,2004-01-02, 5000159, 1, 93.0, 20, 2,148.8
 11006,C19989,1037,2004-01-08, 5000362, 1, 54.94, 20, 2,87.9
 11007,C245,1045,2004-01-08, 5000825, 1, 99.99, 20, 3,239.98
 11008,C46692,1044,2004-01-08, 5000514, 1, 22.99, 10, 4,82.76
 11009,C46692,1048,2004-01-08, 5000514, 2, 104.49, 10, 1,94.04
 11010,C21161,1001,2004-01-11, 5000463, 1, 53.5, 5, 3,152.47
 11011,C20722,1044,2004-01-12, 5000429, 1, 22.99, 15, 2,39.08
 11012,C17426,1018,2004-01-15, 5000154, 1, 44.99, 15, 2,76.48
 11013,C95923,1036,2004-01-16, 5000443, 1, 28.24, 0, 3,84.72
 11014,C16693,1025,2004-01-18, 5000093, 1, 39.94, 5, 2,75.89
 11015,C78962,1034,2004-01-19, 5001178, 1, 8.49, 15, 4,28.87
 11016,C3907,1004,2004-01-24, 5001171, 1, 59.99, 5, 4,227.96
 11017,C51819,1056,2004-01-24, 5000978, 1, 2123.0, 0, 4,8492
 11018,C72004,1016,2004-01-25, 5000537, 1, 5.99, 10, 2,10.78
 11019,C72004,1038,2004-01-25, 5000537, 2, 16.99, 20, 5,67.96
 11020,C26435,1021,2004-01-27, 5000928, 1, 24.99, 5, 4,94.96
 11021,C77057,1016,2004-01-29, 5001008, 1, 5.99, 20, 1,4.79
 11022,C1636,1056,2004-01-31, 5000956, 1, 2123.0, 5, 5,10084.25
 11023,C96582,1035,2004-01-31, 5000500, 1, 43.95, 5, 5,208.76
 11024,C76838,1025,2004-02-05, 5000980, 1, 39.94, 5, 4,151.77
 11025,C50501,1027,2004-02-08, 5000849, 1, 4.5, 0, 4,18
 11026,C97535,1046,2004-02-09, 5000578, 1, 183.17, 10, 3,494.56
 11027,C4566,1029,2004-02-10, 5001234, 1, 21.48, 20, 4,68.74
 11028,C95850,1001,2004-02-10, 5000438, 1, 53.5, 10, 5,240.75
 11029,C76911,1013,2004-02-13, 5000990, 1, 10.74, 20, 5,42.96
 11030,C27314,1012,2004-02-14, 5001030, 1, 38.54, 10, 4,138.74
 11031,C68561,1017,2004-02-14, 5000236, 1, 19.95, 5, 2,37.9
 11032,C93140,1050,2004-02-16, 5000215, 1, 98.96, 10, 4,356.26
 11033,C20795,1053,2004-02-18, 5000434, 1, 93.0, 10, 5,418.5
 11034,C98414,1046,2004-02-18, 5000659, 1, 183.17, 5, 4,696.05
 11035,C17792,1006,2004-02-19, 5000183, 1, 41.99, 15, 4,142.77
 11036,C17792,1054,2004-02-19, 5000183, 2, 200.0, 5, 1,190
 11037,C17792,1039,2004-02-19, 5000183, 3, 34.0, 20, 3,81.6
 11038,C21161,1018,2004-02-19, 5000467, 1, 44.99, 10, 5,202.45
 11039,C16474,1035,2004-02-20, 5000079, 1, 43.95, 0, 4,175.8
 11040,C28339,1045,2004-02-20, 5001123, 1, 99.99, 10, 5,449.95
 11041,C66730,1020,2004-02-21, 5000096, 1, 26.99, 5, 4,102.56
 11042,C46912,1045,2004-02-22, 5000530, 1, 99.99, 15, 3,254.97
 11043,C48084,1027,2004-02-24, 5000629, 1, 4.5, 10, 1,4.05
 11044,C94385,1040,2004-02-24, 5000304, 1, 32.12, 5, 3,91.54
 11045,C16840,1048,2004-02-27, 5000108, 1, 104.49, 5, 5,496.33
 11046,C99073,1014,2004-02-28, 5000717, 1, 17.49, 0, 5,87.45
 11047,C99073,1035,2004-02-28, 5000717, 2, 43.95, 20, 4,140.64
 11048,C97388,1031,2004-02-29, 5000569, 1, 17.99, 15, 2,30.58
 11049,C97388,1053,2004-02-29, 5000569, 2, 93.0, 5, 2,176.7
 11050,C78669,1030,2004-03-02, 5001146, 1, 22.75, 10, 5,102.38
 11051,C27534,1033,2004-03-04, 5001053, 1, 19.95, 20, 5,79.8
 11052,C49988,1015,2004-03-04, 5000804, 1, 8.0, 15, 2,13.6
 11053,C49988,1000,2004-03-04, 5000804, 2, 1000.0, 5, 2,1900
 11054,C28705,1049,2004-03-06, 5001151, 1, 206.99, 5, 1,196.64
 11055,C67975,1027,2004-03-06, 5000202, 1, 4.5, 5, 4,17.1
 11056,C45520,1018,2004-03-07, 5000411, 1, 44.99, 5, 2,85.48
 11057,C91822,1019,2004-03-07, 5000107, 1, 79.7, 5, 5,378.58
 11058,C50208,1032,2004-03-08, 5000821, 1, 4.5, 20, 2,7.2
 11059,C96216,1009,2004-03-08, 5000473, 1, 16.99, 0, 2,33.98
 11060,C25556,1007,2004-03-15, 5000856, 1, 7.96, 10, 2,14.33
 11061,C27094,1017,2004-03-15, 5001010, 1, 19.95, 20, 4,63.84
 11062,C44641,1016,2004-03-25, 5000331, 1, 5.99, 0, 4,23.96
 11063,C99878,1041,2004-03-25, 5000790, 1, 28.94, 20, 2,46.3
 11064,C99878,1007,2004-03-25, 5000790, 2, 7.96, 0, 3,23.88
 11065,C68195,1011,2004-03-27, 5000219, 1, 24.99, 15, 1,21.24
 11066,C98047,1001,2004-03-27, 5000626, 1, 53.5, 20, 1,42.8
 11067,C20282,1010,2004-04-04, 5000390, 1, 69.99, 5, 1,66.49
 11068,C97168,1023,2004-04-04, 5000546, 1, 29.99, 10, 1,26.99
 11069,C464,1037,2004-04-07, 5000845, 1, 54.94, 10, 2,98.89
 11070,C76398,1006,2004-04-07, 5000926, 1, 41.99, 5, 2,79.78
 11071,C44349,1001,2004-04-09, 5000301, 1, 53.5, 15, 4,181.9
 11072,C43250,1027,2004-04-11, 5000223, 1, 4.5, 15, 3,11.47
 11073,C46766,1045,2004-04-12, 5000520, 1, 99.99, 10, 2,179.98
 11074,C77350,1015,2004-04-14, 5001036, 1, 8.0, 0, 1,8
 11075,C54603,1028,2004-04-18, 5001240, 1, 4.5, 10, 3,12.15
 11076,C15815,1007,2004-04-19, 5000020, 1, 7.96, 10, 2,14.33
 11077,C16254,1032,2004-04-19, 5000059, 1, 4.5, 20, 5,18
 11078,C16254,1025,2004-04-19, 5000059, 2, 39.94, 10, 2,71.89
 11079,C21088,1026,2004-04-23, 5000456, 1, 18.15, 20, 3,43.56
 11080,C42005,1016,2004-04-24, 5000124, 1, 5.99, 5, 3,17.07
 11081,C51893,1041,2004-04-24, 5000986, 1, 28.94, 10, 1,26.05
 11082,C74347,1036,2004-04-24, 5000742, 1, 28.24, 15, 2,48.01
 11083,C74347,1000,2004-04-24, 5000742, 2, 1000.0, 15, 3,2550
 11084,C48011,1045,2004-04-26, 5000620, 1, 99.99, 5, 4,379.96
 11085,C48011,1038,2004-04-26, 5000620, 2, 16.99, 5, 4,64.56
 11086,C25409,1010,2004-04-27, 5000841, 1, 69.99, 15, 1,59.49
 11087,C73395,1041,2004-04-27, 5000657, 1, 28.94, 15, 5,123
 11088,C95264,1020,2004-04-27, 5000388, 1, 26.99, 5, 3,76.92
 11089,C19477,1003,2004-04-29, 5000315, 1, 12.99, 5, 3,37.02
 11090,C27900,1030,2004-04-30, 5001080, 1, 22.75, 5, 3,64.84
 11091,C74860,1041,2004-04-30, 5000789, 1, 28.94, 15, 1,24.6
 11092,C74787,1040,2004-05-01, 5000781, 1, 32.12, 20, 4,102.78
 11093,C19037,1045,2004-05-07, 5000278, 1, 99.99, 5, 3,284.97
 11094,C94532,1001,2004-05-07, 5000319, 1, 53.5, 5, 2,101.65
 11095,C50794,1034,2004-05-11, 5000881, 1, 8.49, 5, 5,40.33
 11096,C47718,1009,2004-05-14, 5000597, 1, 16.99, 5, 4,64.56
 11097,C47718,1035,2004-05-14, 5000597, 2, 43.95, 5, 4,167.01
 11098,C53577,1021,2004-05-14, 5001142, 1, 24.99, 5, 3,71.22
 11099,C96875,1048,2004-05-16, 5000528, 1, 104.49, 20, 4,334.37
 11100,C24970,1047,2004-05-18, 5000801, 1, 56.95, 15, 1,48.41
 11101,C43909,1023,2004-05-18, 5000264, 1, 29.99, 5, 2,56.98
 11102,C78742,1004,2004-05-19, 5001156, 1, 59.99, 20, 5,239.96
 11103,C79694,1019,2004-05-20, 5001249, 1, 79.7, 5, 5,378.58
 11104,C19770,1038,2004-05-24, 5000342, 1, 16.99, 5, 2,32.28
 11105,C44934,1009,2004-05-25, 5000358, 1, 16.99, 20, 4,54.37
 11106,C44934,1011,2004-05-25, 5000358, 2, 24.99, 15, 2,42.48
 11107,C26728,1054,2004-05-28, 5000968, 1, 200.0, 5, 1,190
 11108,C15815,1051,2004-05-29, 5000019, 1, 122.37, 5, 5,581.26
 11109,C76032,1024,2004-05-29, 5000900, 1, 25.0, 20, 3,60
 11110,C4566,1024,2004-06-03, 5001236, 1, 25.0, 0, 5,125
 11111,C2442,1049,2004-06-07, 5001042, 1, 206.99, 0, 4,827.96
 11112,C71637,1008,2004-06-08, 5000508, 1, 62.88, 10, 1,56.59
 11113,C1490,1001,2004-06-09, 5000934, 1, 53.5, 0, 1,53.5
 11114,C53504,1049,2004-06-09, 5001138, 1, 206.99, 5, 5,983.2
 11115,C77717,1054,2004-06-09, 5001067, 1, 200.0, 5, 2,380
 11116,C77717,1009,2004-06-09, 5001067, 2, 16.99, 5, 1,16.14
 11117,C44422,1031,2004-06-10, 5000309, 1, 17.99, 5, 3,51.27
 11118,C23505,1030,2004-06-17, 5000670, 1, 22.75, 10, 3,61.43
 11119,C20136,1052,2004-06-19, 5000372, 1, 107.96, 15, 3,275.3
 11120,C27900,1038,2004-06-19, 5001081, 1, 16.99, 10, 1,15.29
 11121,C19110,1017,2004-06-22, 5000285, 1, 19.95, 5, 2,37.9
 11122,C611,1038,2004-06-22, 5000861, 1, 16.99, 10, 1,15.29
 11123,C611,1011,2004-06-22, 5000861, 2, 24.99, 15, 3,63.72
 11124,C65998,1012,2004-06-22, 5000039, 1, 38.54, 0, 3,115.62
 11125,C92188,1048,2004-06-22, 5000141, 1, 104.49, 10, 4,376.16
 11126,C99952,1022,2004-06-22, 5000799, 1, 13.99, 20, 4,44.77
 11127,C68048,1047,2004-06-24, 5000207, 1, 56.95, 5, 4,216.41
 11128,C27534,1042,2004-06-25, 5001052, 1, 89.99, 5, 4,341.96
 11129,C99292,1009,2004-06-28, 5000739, 1, 16.99, 10, 2,30.58
 11130,C46619,1023,2004-06-29, 5000505, 1, 29.99, 10, 4,107.96
 11131,C29658,1036,2004-06-30, 5001247, 1, 28.24, 20, 3,67.78
 11132,C97974,1028,2004-07-01, 5000616, 1, 4.5, 0, 4,18
 11133,C48670,1033,2004-07-03, 5000679, 1, 19.95, 5, 3,56.86
 11134,C19550,1045,2004-07-04, 5000322, 1, 99.99, 10, 2,179.98
 11135,C52332,1031,2004-07-04, 5001032, 1, 17.99, 15, 3,45.87
 11136,C51014,1032,2004-07-07, 5000899, 1, 4.5, 5, 1,4.27
 11137,C99366,1033,2004-07-11, 5000743, 1, 19.95, 10, 2,35.91
 11138,C77204,1035,2004-07-18, 5001017, 1, 43.95, 5, 4,167.01
 11139,C44568,1020,2004-07-23, 5000325, 1, 26.99, 15, 1,22.94
 11140,C92847,1045,2004-07-31, 5000191, 1, 99.99, 10, 3,269.97
 11141,C21894,1053,2004-08-03, 5000529, 1, 93.0, 15, 4,316.2
 11142,C51966,1006,2004-08-04, 5000995, 1, 41.99, 0, 3,125.97
 11143,C69367,1014,2004-08-04, 5000302, 1, 17.49, 0, 4,69.96
 11144,C4493,1029,2004-08-05, 5001228, 1, 21.48, 10, 3,58
 11145,C23285,1054,2004-08-06, 5000645, 1, 200.0, 15, 5,850
 11146,C48011,1014,2004-08-07, 5000619, 1, 17.49, 15, 4,59.47
 11147,C94825,1029,2004-08-07, 5000352, 1, 21.48, 15, 2,36.52
 11148,C77863,1008,2004-08-14, 5001077, 1, 62.88, 10, 2,113.18
 11149,C74274,1006,2004-08-16, 5000735, 1, 41.99, 0, 3,125.97
 11150,C75300,1050,2004-08-17, 5000833, 1, 98.96, 10, 3,267.19
 11151,C1783,1024,2004-08-19, 5000971, 1, 25.0, 15, 4,85
 11152,C94971,1015,2004-08-20, 5000360, 1, 8.0, 10, 5,36
 11153,C26801,1022,2004-08-23, 5000974, 1, 13.99, 10, 4,50.36
 11154,C22992,1033,2004-08-25, 5000617, 1, 19.95, 10, 2,35.91
 11155,C91016,1056,2004-08-26, 5000040, 1, 2123.0, 10, 4,7642.8
 11156,C78156,1001,2004-08-27, 5001105, 1, 53.5, 5, 3,152.47
 11157,C99439,1016,2004-08-28, 5000748, 1, 5.99, 20, 3,14.38
 11158,C46473,1031,2004-08-29, 5000490, 1, 17.99, 10, 1,16.19
 11159,C1783,1019,2004-09-02, 5000970, 1, 79.7, 0, 2,159.4
 11160,C17572,1038,2004-09-04, 5000167, 1, 16.99, 5, 5,80.7
 11161,C50867,1016,2004-09-05, 5000890, 1, 5.99, 5, 1,5.69
 11162,C94532,1002,2004-09-05, 5000320, 1, 14.97, 0, 3,44.91
 11163,C77643,1012,2004-09-08, 5001061, 1, 38.54, 20, 1,30.83
 11164,C76984,1054,2004-09-09, 5000998, 1, 200.0, 10, 3,540
 11165,C97168,1017,2004-09-09, 5000547, 1, 19.95, 20, 4,63.84
 11166,C66877,1043,2004-09-11, 5000112, 1, 24.99, 20, 5,99.96
 11167,C20575,1045,2004-09-12, 5000418, 1, 99.99, 10, 3,269.97
 11168,C47718,1045,2004-09-12, 5000596, 1, 99.99, 15, 2,169.98
 11169,C47718,1042,2004-09-12, 5000596, 2, 89.99, 5, 2,170.98
 11170,C47718,1016,2004-09-12, 5000596, 3, 5.99, 5, 4,22.76
 11171,C70758,1045,2004-09-14, 5000432, 1, 99.99, 10, 5,449.95
 11172,C75812,1027,2004-09-15, 5000884, 1, 4.5, 5, 2,8.55
 11173,C3174,1010,2004-09-16, 5001107, 1, 69.99, 15, 4,237.97
 11174,C96656,1051,2004-09-16, 5000511, 1, 122.37, 15, 3,312.04
 11175,C23432,1000,2004-09-19, 5000661, 1, 1000.0, 15, 2,1700
 11176,C23432,1003,2004-09-19, 5000661, 2, 12.99, 20, 3,31.18
 11177,C54236,1030,2004-09-19, 5001200, 1, 22.75, 10, 5,102.38
 11178,C42810,1030,2004-09-24, 5000185, 1, 22.75, 20, 2,36.4
 11179,C94825,1029,2004-09-27, 5000351, 1, 21.48, 15, 4,73.03
 11180,C45154,1017,2004-09-28, 5000376, 1, 19.95, 5, 3,56.86
 11181,C74933,1024,2004-09-28, 5000795, 1, 25.0, 10, 4,90
 11182,C48816,1037,2004-10-01, 5000693, 1, 54.94, 20, 5,219.76
 11183,C48816,1041,2004-10-01, 5000693, 2, 28.94, 0, 4,115.76
 11184,C95191,1047,2004-10-05, 5000383, 1, 56.95, 5, 5,270.51
 11185,C16107,1009,2004-10-10, 5000045, 1, 16.99, 15, 1,14.44
 11186,C67023,1051,2004-10-17, 5000125, 1, 122.37, 20, 3,293.69
 11187,C70539,1003,2004-10-17, 5000413, 1, 12.99, 10, 5,58.46
 11188,C68268,1023,2004-10-18, 5000225, 1, 29.99, 20, 4,95.97
 11189,C95777,1002,2004-10-18, 5000433, 1, 14.97, 5, 3,42.66
 11190,C68708,1047,2004-10-19, 5000251, 1, 56.95, 5, 4,216.41
 11191,C78010,1017,2004-10-22, 5001090, 1, 19.95, 20, 4,63.84
 11192,C70392,1043,2004-10-27, 5000400, 1, 24.99, 5, 2,47.48
 11193,C95484,1027,2004-10-27, 5000407, 1, 4.5, 0, 3,13.5
 11194,C27021,1043,2004-10-28, 5001003, 1, 24.99, 5, 3,71.22
 11195,C53943,1006,2004-11-02, 5001175, 1, 41.99, 5, 3,119.67
 11196,C71344,1033,2004-11-05, 5000483, 1, 19.95, 15, 3,50.87
 11197,C53138,1021,2004-11-11, 5001101, 1, 24.99, 5, 3,71.22
 11198,C92115,1039,2004-11-12, 5000131, 1, 34.0, 5, 2,64.6
 11199,C684,1015,2004-11-14, 5000866, 1, 8.0, 15, 3,20.4
 11200,C73761,1048,2004-11-14, 5000689, 1, 104.49, 15, 1,88.82
 11201,C46546,1051,2004-11-15, 5000496, 1, 122.37, 5, 3,348.75
 11202,C71051,1032,2004-11-16, 5000454, 1, 4.5, 15, 4,15.3
 11203,C2295,1056,2004-11-18, 5001029, 1, 2123.0, 10, 2,3821.4
 11204,C71418,1022,2004-11-20, 5000489, 1, 13.99, 15, 2,23.78
 11205,C47571,1027,2004-11-22, 5000583, 1, 4.5, 5, 2,8.55
 11206,C49769,1032,2004-11-24, 5000780, 1, 4.5, 10, 3,12.15
 11207,C75739,1053,2004-11-30, 5000876, 1, 93.0, 0, 4,372
 11208,C21308,1037,2004-12-05, 5000481, 1, 54.94, 10, 4,197.78
 11209,C27826,1012,2004-12-05, 5001074, 1, 38.54, 5, 2,73.23
 11210,C66657,1004,2004-12-05, 5000090, 1, 59.99, 5, 5,284.95
 11211,C49915,1019,2004-12-06, 5000793, 1, 79.7, 15, 2,135.49
 11212,C23871,1046,2004-12-08, 5000697, 1, 183.17, 10, 1,164.85
 11213,C77277,1020,2004-12-12, 5001026, 1, 26.99, 15, 4,91.77
 11214,C77424,1034,2004-12-17, 5001041, 1, 8.49, 15, 4,28.87
 11215,C77424,1017,2004-12-17, 5001041, 2, 19.95, 20, 5,79.8
 11216,C20502,1051,2004-12-21, 5000410, 1, 122.37, 5, 3,348.75
 11217,C72443,1022,2004-12-21, 5000572, 1, 13.99, 15, 3,35.67
 11218,C49769,1040,2004-12-23, 5000778, 1, 32.12, 10, 3,86.72
 11219,C65558,1021,2004-12-24, 5000002, 1, 24.99, 0, 5,124.95
 11220,C26655,1007,2004-12-26, 5000959, 1, 7.96, 0, 3,23.88
 11221,C54163,1043,2004-12-28, 5001195, 1, 24.99, 10, 4,89.96
 11222,C71564,1018,2005-01-02, 5000497, 1, 44.99, 15, 3,114.72
 11223,C73615,1036,2005-01-02, 5000678, 1, 28.24, 20, 3,67.78
 11224,C16547,1041,2005-01-11, 5000081, 1, 28.94, 15, 2,49.2
 11225,C16547,1010,2005-01-11, 5000081, 2, 69.99, 10, 3,188.97
 11226,C22333,1049,2005-01-19, 5000565, 1, 206.99, 10, 2,372.58
 11227,C94678,1042,2005-01-19, 5000334, 1, 89.99, 5, 1,85.49
 11228,C28339,1028,2005-01-20, 5001122, 1, 4.5, 0, 3,13.5
 11229,C15961,1038,2005-01-25, 5000036, 1, 16.99, 0, 5,84.95
 11230,C48523,1033,2005-01-26, 5000671, 1, 19.95, 5, 4,75.81
 11231,C48523,1029,2005-01-26, 5000671, 2, 21.48, 10, 3,58
 11232,C48523,1042,2005-01-26, 5000671, 3, 89.99, 20, 3,215.98
 11233,C464,1027,2005-01-28, 5000844, 1, 4.5, 10, 1,4.05
 11234,C91529,1005,2005-01-28, 5000080, 1, 26.99, 20, 4,86.37
 11235,C76178,1033,2005-01-31, 5000912, 1, 19.95, 0, 2,39.9
 11236,C19257,1011,2005-02-02, 5000296, 1, 24.99, 15, 3,63.72
 11237,C4566,1009,2005-02-02, 5001235, 1, 16.99, 15, 4,57.77
 11238,C19037,1036,2005-02-07, 5000280, 1, 28.24, 5, 1,26.83
 11239,C53724,1020,2005-02-07, 5001154, 1, 26.99, 0, 1,26.99
 11240,C72809,1013,2005-02-14, 5000603, 1, 10.74, 0, 2,21.48
 11241,C40760,1029,2005-02-15, 5000014, 1, 21.48, 10, 4,77.33
 11242,C43030,1006,2005-02-17, 5000206, 1, 41.99, 5, 4,159.56
 11243,C54456,1020,2005-02-18, 5001224, 1, 26.99, 15, 2,45.88
 11244,C41346,1026,2005-02-19, 5000067, 1, 18.15, 10, 3,49.01
 11245,C41346,1005,2005-02-19, 5000067, 2, 26.99, 20, 4,86.37
 11246,C40613,1033,2005-02-22, 5000004, 1, 19.95, 0, 4,79.8
 11247,C91236,1034,2005-02-23, 5000057, 1, 8.49, 10, 2,15.28
 11248,C98853,1037,2005-02-23, 5000695, 1, 54.94, 15, 1,46.7
 11249,C67389,1053,2005-02-25, 5000152, 1, 93.0, 10, 1,83.7
 11250,C28119,1013,2005-02-28, 5001098, 1, 10.74, 5, 2,20.41
 11251,C73322,1033,2005-02-28, 5000648, 1, 19.95, 5, 4,75.81
 11252,C2222,1036,2005-03-01, 5001022, 1, 28.24, 5, 4,107.31
 11253,C16986,1023,2005-03-03, 5000123, 1, 29.99, 5, 2,56.98
 11254,C49622,1051,2005-03-06, 5000766, 1, 122.37, 20, 3,293.69
 11255,C49622,1035,2005-03-06, 5000766, 2, 43.95, 10, 2,79.11
 11256,C684,1053,2005-03-07, 5000867, 1, 93.0, 15, 5,395.25
 11257,C684,1022,2005-03-07, 5000867, 2, 13.99, 10, 4,50.36
 11258,C75007,1005,2005-03-15, 5000805, 1, 26.99, 20, 4,86.37
 11259,C50721,1047,2005-03-16, 5000874, 1, 56.95, 15, 4,193.63
 11260,C68708,1021,2005-03-16, 5000250, 1, 24.99, 5, 5,118.7
 11261,C93506,1033,2005-03-18, 5000234, 1, 19.95, 5, 2,37.9
 11262,C66437,1031,2005-03-19, 5000075, 1, 17.99, 10, 2,32.38
 11263,C97754,1038,2005-03-19, 5000599, 1, 16.99, 5, 3,48.42
 11264,C97754,1015,2005-03-19, 5000599, 2, 8.0, 20, 2,12.8
 11265,C97754,1018,2005-03-19, 5000599, 3, 44.99, 20, 2,71.98
 11266,C99952,1024,2005-03-20, 5000796, 1, 25.0, 15, 3,63.75
 11267,C98267,1021,2005-03-21, 5000644, 1, 24.99, 15, 4,84.97
 11268,C98267,1054,2005-03-21, 5000644, 2, 200.0, 15, 2,340
 11269,C16986,1035,2005-03-23, 5000122, 1, 43.95, 5, 4,167.01
 11270,C91968,1028,2005-03-24, 5000121, 1, 4.5, 0, 2,9
 11271,C75226,1010,2005-03-31, 5000823, 1, 69.99, 0, 2,139.98
 11272,C77057,1006,2005-04-02, 5001006, 1, 41.99, 10, 4,151.16
 11273,C97461,1043,2005-04-05, 5000574, 1, 24.99, 5, 2,47.48
 11274,C27973,1007,2005-04-07, 5001086, 1, 7.96, 10, 2,14.33
 11275,C65851,1025,2005-04-08, 5000023, 1, 39.94, 20, 2,63.9
 11276,C91748,1026,2005-04-16, 5000099, 1, 18.15, 15, 4,61.71
 11277,C25,1026,2005-04-17, 5000808, 1, 18.15, 15, 3,46.28
 11278,C49622,1031,2005-04-21, 5000767, 1, 17.99, 5, 5,85.45
 11279,C69733,1009,2005-04-22, 5000339, 1, 16.99, 0, 1,16.99
 11280,C69733,1025,2005-04-22, 5000339, 2, 39.94, 20, 2,63.9
 11281,C98340,1018,2005-04-22, 5000650, 1, 44.99, 15, 3,114.72
 11282,C29731,1017,2005-04-24, 5001251, 1, 19.95, 5, 3,56.86
 11283,C65924,1016,2005-04-24, 5000030, 1, 5.99, 0, 5,29.95
 11284,C1929,1013,2005-04-30, 5000991, 1, 10.74, 10, 2,19.33
 11285,C22260,1007,2005-04-30, 5000555, 1, 7.96, 10, 5,35.82
 11286,C20868,1049,2005-05-02, 5000440, 1, 206.99, 5, 4,786.56
 11287,C96729,1031,2005-05-03, 5000518, 1, 17.99, 5, 3,51.27
 11288,C45081,1025,2005-05-04, 5000367, 1, 39.94, 15, 1,33.95
 11289,C904,1021,2005-05-04, 5000892, 1, 24.99, 15, 2,42.48
 11290,C92627,1049,2005-05-04, 5000172, 1, 206.99, 15, 5,879.71
 11291,C22699,1051,2005-05-07, 5000594, 1, 122.37, 0, 5,611.85
 11292,C49622,1032,2005-05-07, 5000765, 1, 4.5, 15, 3,11.47
 11293,C42517,1031,2005-05-18, 5000161, 1, 17.99, 15, 4,61.17
 11294,C94678,1041,2005-05-18, 5000332, 1, 28.94, 10, 5,130.23
 11295,C52479,1031,2005-05-21, 5001046, 1, 17.99, 0, 1,17.99
 11296,C73176,1048,2005-05-21, 5000633, 1, 104.49, 15, 5,444.08
 11297,C73688,1001,2005-05-24, 5000682, 1, 53.5, 0, 2,107
 11298,C18671,1018,2005-05-26, 5000246, 1, 44.99, 5, 5,213.7
 11299,C65705,1004,2005-05-31, 5000008, 1, 59.99, 15, 3,152.97
 11300,C54090,1051,2005-06-02, 5001188, 1, 122.37, 5, 5,581.26
 11301,C51893,1022,2005-06-03, 5000984, 1, 13.99, 10, 5,62.96
 11302,C66584,1049,2005-06-04, 5000083, 1, 206.99, 15, 4,703.77
 11303,C45520,1027,2005-06-08, 5000412, 1, 4.5, 10, 2,8.1
 11304,C93799,1016,2005-06-08, 5000257, 1, 5.99, 0, 3,17.97
 11305,C43250,1044,2005-06-09, 5000224, 1, 22.99, 20, 3,55.18
 11306,C65705,1018,2005-06-18, 5000009, 1, 44.99, 10, 2,80.98
 11307,C65705,1037,2005-06-18, 5000009, 2, 54.94, 10, 2,98.89
 11308,C67902,1048,2005-06-20, 5000194, 1, 104.49, 0, 3,313.47
 11309,C93579,1024,2005-06-25, 5000238, 1, 25.0, 20, 2,40
 11310,C93799,1040,2005-06-27, 5000259, 1, 32.12, 15, 2,54.6
 11311,C25483,1008,2005-06-29, 5000847, 1, 62.88, 15, 5,267.24
 11312,C98560,1048,2005-07-01, 5000674, 1, 104.49, 20, 4,334.37
 11313,C3687,1003,2005-07-02, 5001150, 1, 12.99, 15, 5,55.21
 11314,C49256,1028,2005-07-05, 5000733, 1, 4.5, 10, 4,16.2
 11315,C97315,1028,2005-07-15, 5000564, 1, 4.5, 10, 3,12.15
 11316,C98560,1007,2005-07-17, 5000673, 1, 7.96, 0, 3,23.88
 11317,C45301,1027,2005-07-18, 5000393, 1, 4.5, 10, 2,8.1
 11318,C22699,1047,2005-07-23, 5000592, 1, 56.95, 10, 2,102.51
 11319,C95191,1018,2005-07-24, 5000381, 1, 44.99, 20, 4,143.97
 11320,C27973,1015,2005-07-25, 5001085, 1, 8.0, 0, 2,16
 11321,C94751,1038,2005-07-25, 5000340, 1, 16.99, 0, 2,33.98
 11322,C1636,1022,2005-07-30, 5000955, 1, 13.99, 10, 2,25.18
 11323,C23798,1009,2005-07-30, 5000691, 1, 16.99, 5, 4,64.56
 11324,C49769,1049,2005-08-02, 5000779, 1, 206.99, 5, 4,786.56
 11325,C24823,1026,2005-08-03, 5000784, 1, 18.15, 5, 5,86.21
 11326,C72883,1023,2005-08-04, 5000607, 1, 29.99, 0, 2,59.98
 11327,C72150,1030,2005-08-05, 5000545, 1, 22.75, 15, 3,58.01
 11328,C79767,1037,2005-08-05, 5001255, 1, 54.94, 20, 2,87.9
 11329,C95191,1023,2005-08-05, 5000380, 1, 29.99, 0, 4,119.96
 11330,C66437,1028,2005-08-06, 5000076, 1, 4.5, 20, 2,7.2
 11331,C45740,1044,2005-08-09, 5000431, 1, 22.99, 15, 4,78.17
 11332,C99512,1036,2005-08-09, 5000756, 1, 28.24, 15, 3,72.01
 11333,C26142,1014,2005-08-11, 5000911, 1, 17.49, 5, 1,16.62
 11334,C16181,1041,2005-08-24, 5000050, 1, 28.94, 5, 2,54.99
 11335,C92920,1040,2005-08-26, 5000196, 1, 32.12, 0, 2,64.24
 11336,C92920,1050,2005-08-26, 5000196, 2, 98.96, 5, 3,282.04
 11337,C66584,1016,2005-08-28, 5000084, 1, 5.99, 20, 5,23.96
 11338,C98267,1030,2005-08-28, 5000643, 1, 22.75, 15, 2,38.67
 11339,C75300,1042,2005-08-31, 5000832, 1, 89.99, 15, 1,76.49
 11340,C71711,1010,2005-09-01, 5000516, 1, 69.99, 5, 5,332.45
 11341,C16767,1045,2005-09-04, 5000100, 1, 99.99, 10, 4,359.96
 11342,C94532,1051,2005-09-08, 5000321, 1, 122.37, 15, 4,416.06
 11343,C19770,1046,2005-09-10, 5000343, 1, 183.17, 0, 2,366.34
 11344,C69587,1053,2005-09-11, 5000326, 1, 93.0, 10, 1,83.7
 11345,C43103,1008,2005-09-13, 5000212, 1, 62.88, 0, 4,251.52
 11346,C20942,1035,2005-09-17, 5000446, 1, 43.95, 10, 3,118.67
 11347,C91968,1001,2005-09-20, 5000120, 1, 53.5, 15, 3,136.43
 11348,C98926,1029,2005-09-23, 5000704, 1, 21.48, 15, 1,18.26
 11349,C611,1028,2005-09-25, 5000860, 1, 4.5, 5, 2,8.55
 11350,C42957,1040,2005-09-30, 5000198, 1, 32.12, 15, 2,54.6
 11351,C72297,1001,2005-10-01, 5000560, 1, 53.5, 10, 3,144.45
 11352,C42444,1008,2005-10-09, 5000155, 1, 62.88, 20, 1,50.3
 11353,C92847,1007,2005-10-11, 5000189, 1, 7.96, 15, 5,33.83
 11354,C25190,1048,2005-10-15, 5000820, 1, 104.49, 10, 4,376.16
 11355,C27460,1004,2005-10-18, 5001043, 1, 59.99, 5, 4,227.96
 11356,C69587,1003,2005-10-18, 5000327, 1, 12.99, 10, 2,23.38
 11357,C28998,1051,2005-10-20, 5001181, 1, 122.37, 0, 3,367.11
 11358,C53797,1020,2005-10-21, 5001162, 1, 26.99, 5, 5,128.2
 11359,C97608,1026,2005-10-24, 5000586, 1, 18.15, 15, 2,30.85
 11360,C2002,1016,2005-10-26, 5001000, 1, 5.99, 10, 3,16.17
 11361,C41639,1020,2005-10-27, 5000088, 1, 26.99, 0, 3,80.97
 11362,C51087,1035,2005-10-30, 5000904, 1, 43.95, 5, 2,83.5
 11363,C26801,1020,2005-11-01, 5000973, 1, 26.99, 10, 4,97.16
 11364,C97681,1014,2005-11-01, 5000591, 1, 17.49, 0, 4,69.96
 11365,C49036,1017,2005-11-02, 5000714, 1, 19.95, 20, 2,31.92
 11366,C26142,1048,2005-11-06, 5000910, 1, 104.49, 10, 4,376.16
 11367,C47425,1044,2005-11-06, 5000570, 1, 22.99, 20, 4,73.57
 11368,C42078,1005,2005-11-08, 5000130, 1, 26.99, 15, 4,91.77
 11369,C45960,1010,2005-11-12, 5000448, 1, 69.99, 20, 2,111.98
 11370,C45960,1010,2005-11-12, 5000448, 2, 69.99, 20, 3,167.98
 11371,C67463,1016,2005-11-15, 5000157, 1, 5.99, 5, 1,5.69
 11372,C68854,1046,2005-11-17, 5000260, 1, 183.17, 15, 3,467.08
 11373,C41199,1005,2005-11-18, 5000053, 1, 26.99, 20, 4,86.37
 11374,C73029,1031,2005-11-18, 5000623, 1, 17.99, 5, 5,85.45
 11375,C49109,1041,2005-11-22, 5000719, 1, 28.94, 5, 4,109.97
 11376,C71491,1006,2005-11-29, 5000492, 1, 41.99, 10, 2,75.58
 11377,C79255,1030,2005-12-07, 5001201, 1, 22.75, 15, 3,58.01
 11378,C79255,1003,2005-12-07, 5001201, 2, 12.99, 5, 3,37.02
 11379,C91016,1052,2005-12-07, 5000041, 1, 107.96, 0, 3,323.88
 11380,C19550,1054,2005-12-08, 5000324, 1, 200.0, 15, 2,340
 11381,C91822,1045,2005-12-08, 5000106, 1, 99.99, 15, 4,339.97
 11382,C44861,1050,2005-12-09, 5000354, 1, 98.96, 15, 1,84.12
 11383,C69806,1052,2005-12-09, 5000349, 1, 107.96, 20, 3,259.1
 11384,C73542,1034,2005-12-10, 5000672, 1, 8.49, 10, 1,7.64
 11385,C43982,1018,2005-12-12, 5000272, 1, 44.99, 5, 5,213.7
 11386,C49769,1042,2005-12-13, 5000777, 1, 89.99, 15, 4,305.97
 11387,C42151,1014,2005-12-15, 5000136, 1, 17.49, 15, 1,14.87
 11388,C98,1045,2005-12-15, 5000814, 1, 99.99, 15, 3,254.97
 11389,C23725,1044,2005-12-17, 5000685, 1, 22.99, 15, 4,78.17
 11390,C50721,1019,2005-12-18, 5000873, 1, 79.7, 20, 2,127.52
 11391,C18671,1044,2005-12-21, 5000248, 1, 22.99, 5, 2,43.68
 11392,C41712,1048,2005-12-21, 5000094, 1, 104.49, 20, 3,250.78
 11393,C46692,1012,2005-12-21, 5000513, 1, 38.54, 15, 1,32.76
 11394,C23212,1050,2005-12-22, 5000638, 1, 98.96, 5, 4,376.05
 11395,C26288,1043,2005-12-23, 5000918, 1, 24.99, 5, 4,94.96
 11396,C19037,1035,2005-12-29, 5000279, 1, 43.95, 20, 3,105.48
 11397,C22699,1033,2005-12-30, 5000593, 1, 19.95, 15, 3,50.87
 11398,C831,1038,2005-12-30, 5000888, 1, 16.99, 10, 1,15.29
 11399,C20063,1025,2006-01-01, 5000364, 1, 39.94, 20, 1,31.95
 11400,C78669,1024,2006-01-01, 5001145, 1, 25.0, 10, 4,90
 11401,C74421,1028,2006-01-07, 5000747, 1, 4.5, 10, 1,4.05
 11402,C54017,1052,2006-01-10, 5001183, 1, 107.96, 5, 4,410.25
 11403,C68048,1003,2006-01-13, 5000208, 1, 12.99, 10, 4,46.76
 11404,C45740,1044,2006-01-18, 5000430, 1, 22.99, 15, 3,58.62
 11405,C28266,1046,2006-01-19, 5001114, 1, 183.17, 15, 2,311.39
 11406,C48304,1010,2006-01-19, 5000647, 1, 69.99, 20, 4,223.97
 11407,C75519,1027,2006-01-21, 5000851, 1, 4.5, 5, 1,4.27
 11408,C73176,1026,2006-01-25, 5000634, 1, 18.15, 20, 2,29.04
 11409,C18964,1027,2006-01-26, 5000268, 1, 4.5, 5, 1,4.27
 11410,C19550,1042,2006-01-30, 5000323, 1, 89.99, 15, 1,76.49
 11411,C75373,1046,2006-02-01, 5000837, 1, 183.17, 5, 5,870.06
 11412,C48963,1005,2006-02-06, 5000708, 1, 26.99, 5, 3,76.92
 11413,C2295,1015,2006-02-13, 5001028, 1, 8.0, 10, 4,28.8
 11414,C76911,1023,2006-02-14, 5000988, 1, 29.99, 15, 2,50.98
 11415,C24384,1011,2006-02-17, 5000744, 1, 24.99, 20, 1,19.99
 11416,C75153,1054,2006-02-18, 5000818, 1, 200.0, 15, 5,850
 11417,C51380,1007,2006-02-22, 5000925, 1, 7.96, 10, 1,7.16
 11418,C94458,1012,2006-02-22, 5000312, 1, 38.54, 15, 3,98.28
 11419,C94458,1010,2006-02-22, 5000312, 2, 69.99, 0, 5,349.95
 11420,C42151,1005,2006-02-23, 5000135, 1, 26.99, 5, 3,76.92
 11421,C16767,1039,2006-03-01, 5000102, 1, 34.0, 15, 4,115.6
 11422,C3834,1015,2006-03-01, 5001165, 1, 8.0, 20, 4,25.6
 11423,C52991,1025,2006-03-05, 5001087, 1, 39.94, 10, 5,179.73
 11424,C45667,1036,2006-03-06, 5000425, 1, 28.24, 5, 5,134.14
 11425,C77204,1011,2006-03-12, 5001020, 1, 24.99, 15, 4,84.97
 11426,C3248,1048,2006-03-23, 5001113, 1, 104.49, 0, 3,313.47
 11427,C23725,1004,2006-03-26, 5000686, 1, 59.99, 10, 3,161.97
 11428,C94239,1049,2006-04-03, 5000295, 1, 206.99, 20, 3,496.78
 11429,C77057,1024,2006-04-07, 5001007, 1, 25.0, 20, 1,20
 11430,C75373,1030,2006-04-09, 5000838, 1, 22.75, 0, 4,91
 11431,C72223,1011,2006-04-10, 5000554, 1, 24.99, 5, 1,23.74
 11432,C97828,1000,2006-04-12, 5000605, 1, 1000.0, 15, 2,1700
 11433,C25483,1054,2006-04-19, 5000848, 1, 200.0, 20, 1,160
 11434,C75007,1046,2006-04-27, 5000807, 1, 183.17, 15, 4,622.78
 11435,C29511,1016,2006-05-08, 5001230, 1, 5.99, 10, 3,16.17
 11436,C15741,1020,2006-05-16, 5000012, 1, 26.99, 10, 3,72.87
 11437,C977,1052,2006-05-20, 5000895, 1, 107.96, 15, 1,91.77
 11438,C69513,1032,2006-05-21, 5000318, 1, 4.5, 5, 5,21.37
 11439,C22553,1039,2006-05-24, 5000580, 1, 34.0, 0, 5,170
 11440,C21674,1014,2006-05-31, 5000512, 1, 17.49, 0, 4,69.96
 11441,C65924,1054,2006-06-02, 5000032, 1, 200.0, 5, 5,950
 11442,C2515,1043,2006-06-04, 5001049, 1, 24.99, 15, 4,84.97
 11443,C52186,1019,2006-06-05, 5001016, 1, 79.7, 10, 3,215.19
 11444,C16840,1036,2006-06-09, 5000110, 1, 28.24, 5, 4,107.31
 11445,C15668,1036,2006-06-11, 5000006, 1, 28.24, 20, 5,112.96
 11446,C94312,1016,2006-06-12, 5000299, 1, 5.99, 0, 2,11.98
 11447,C96143,1037,2006-06-12, 5000461, 1, 54.94, 15, 2,93.4
 11448,C28412,1050,2006-06-14, 5001129, 1, 98.96, 10, 4,356.26
 11449,C72297,1046,2006-06-14, 5000559, 1, 183.17, 15, 2,311.39
 11450,C20209,1017,2006-06-15, 5000385, 1, 19.95, 5, 3,56.86
 11451,C42298,1018,2006-06-15, 5000145, 1, 44.99, 15, 1,38.24
 11452,C54749,1024,2006-06-20, 5001254, 1, 25.0, 15, 1,21.25
 11453,C91675,1002,2006-06-21, 5000091, 1, 14.97, 15, 3,38.17
 11454,C26508,1044,2006-06-23, 5000936, 1, 22.99, 10, 4,82.76
 11455,C25263,1035,2006-06-26, 5000827, 1, 43.95, 15, 3,112.07
 11456,C68634,1032,2006-06-30, 5000243, 1, 4.5, 5, 3,12.82
 11457,C52405,1010,2006-07-01, 5001039, 1, 69.99, 5, 2,132.98
 11458,C70319,1054,2006-07-03, 5000395, 1, 200.0, 10, 2,360
 11459,C29658,1037,2006-07-05, 5001245, 1, 54.94, 15, 2,93.4
 11460,C91162,1010,2006-07-07, 5000048, 1, 69.99, 5, 2,132.98
 11461,C45008,1044,2006-07-11, 5000363, 1, 22.99, 5, 4,87.36
 11462,C50721,1019,2006-07-14, 5000875, 1, 79.7, 5, 3,227.15
 11463,C46399,1021,2006-07-15, 5000486, 1, 24.99, 10, 3,67.47
 11464,C17353,1054,2006-07-21, 5000149, 1, 200.0, 10, 2,360
 11465,C79474,1041,2006-07-22, 5001226, 1, 28.94, 15, 2,49.2
 11466,C4639,1054,2006-07-23, 5001244, 1, 200.0, 15, 3,510
 11467,C21381,1028,2006-07-28, 5000484, 1, 4.5, 5, 4,17.1
 11468,C69953,1019,2006-07-30, 5000359, 1, 79.7, 0, 5,398.5
 11469,C47278,1028,2006-08-10, 5000557, 1, 4.5, 15, 3,11.47
 11470,C831,1014,2006-08-15, 5000886, 1, 17.49, 5, 2,33.23
 11471,C70612,1018,2006-08-26, 5000422, 1, 44.99, 10, 3,121.47
 11472,C73981,1016,2006-08-27, 5000709, 1, 5.99, 15, 1,5.09
 11473,C25116,1038,2006-08-28, 5000816, 1, 16.99, 10, 4,61.16
 11474,C93579,1046,2006-09-10, 5000239, 1, 183.17, 0, 3,549.51
 11475,C79181,1046,2006-10-08, 5001197, 1, 183.17, 10, 3,494.56
 11476,C26288,1016,2006-10-16, 5000919, 1, 5.99, 5, 2,11.38
 11477,C1197,1039,2006-10-26, 5000913, 1, 34.0, 15, 2,57.8
 11478,C67609,1025,2006-10-26, 5000171, 1, 39.94, 15, 3,101.85
 11479,C99073,1011,2006-11-01, 5000718, 1, 24.99, 20, 2,39.98
 11480,C29072,1041,2006-11-03, 5001187, 1, 28.94, 0, 5,144.7
 11481,C70832,1011,2006-11-05, 5000436, 1, 24.99, 10, 2,44.98
 11482,C98487,1011,2006-11-09, 5000666, 1, 24.99, 10, 3,67.47
 11483,C77570,1036,2006-11-18, 5001054, 1, 28.24, 10, 5,127.08
 11484,C66730,1014,2006-11-25, 5000097, 1, 17.49, 5, 2,33.23
 11485,C99732,1028,2006-12-01, 5000774, 1, 4.5, 15, 1,3.82
 11486,C79328,1041,2006-12-16, 5001209, 1, 28.94, 0, 5,144.7
 11487,C99146,1032,2006-12-17, 5000721, 1, 4.5, 0, 2,9
 11488,C95484,1049,2006-12-19, 5000408, 1, 206.99, 15, 1,175.94
 11489,C95997,1030,2006-12-21, 5000451, 1, 22.75, 10, 5,102.38
 11490,C74714,1011,2006-12-27, 5000771, 1, 24.99, 15, 2,42.48
 11491,C98999,1041,2006-12-27, 5000712, 1, 28.94, 0, 3,86.82
 11492,C47498,1001,2006-12-28, 5000576, 1, 53.5, 10, 4,192.6
 11493,C79255,1041,2007-01-06, 5001202, 1, 28.94, 15, 1,24.6
 11494,C50574,1037,2007-01-11, 5000857, 1, 54.94, 5, 3,156.58
 11495,C28193,1056,2007-01-16, 5001111, 1, 2123.0, 10, 3,5732.1
 11496,C48743,1012,2007-01-17, 5000687, 1, 38.54, 10, 2,69.37
 11497,C94605,1034,2007-01-21, 5000328, 1, 8.49, 20, 3,20.38
 11498,C26874,1041,2007-01-25, 5000983, 1, 28.94, 5, 4,109.97
 11499,C18744,1007,2007-01-28, 5000254, 1, 7.96, 20, 5,31.84
